county,date,allbed_mean,allbed_lower,allbed_upper,ICUbed_mean,ICUbed_lower,ICUbed_upper,InvVen_mean,InvVen_lower,InvVen_upper,admis_mean,admis_lower,admis_upper,newICU_mean,newICU_lower,newICU_upper,bedover_mean,bedover_lower,bedover_upper,icuover_mean,icuover_lower,icuover_upper,deaths_mean,deaths_lower,deaths_upper,totdea_mean,totdea_lower,totdea_upper,deaths_mean_smoothed,deaths_lower_smoothed,deaths_upper_smoothed,totdea_mean_smoothed,totdea_lower_smoothed,totdea_upper_smoothed,mobility_data_type,mobility_composite,total_tests_data_type,total_tests,confirmed_infections,est_infections_mean,est_infections_lower,est_infections_upper
Connecticut,2020-02-04,0,0,0,0,0,0,0,0,0,0,0,0,0,0,0,0,0,0,0,0,0,0,0,0,0,0,0,0,0,0,0,0,0,"",,"",,,0,0,0
Connecticut,2020-02-05,0,0,0,0,0,0,0,0,0,0,0,0,0,0,0,0,0,0,0,0,0,0,0,0,0,0,0,0,0,0,0,0,0,"",,"",,,0,0,0
Connecticut,2020-02-06,0,0,0,0,0,0,0,0,0,0,0,0,0,0,0,0,0,0,0,0,0,0,0,0,0,0,0,0,0,0,0,0,0,"",,"",,,0,0,0
Connecticut,2020-02-07,0,0,0,0,0,0,0,0,0,0,0,0,0,0,0,0,0,0,0,0,0,0,0,0,0,0,0,0,0,0,0,0,0,"",,"",,,0,0,0
Connecticut,2020-02-08,0,0,0,0,0,0,0,0,0,0,0,0,0,0,0,0,0,0,0,0,0,0,0,0,0,0,0,0,0,0,0,0,0,observed,-1.93951660904612,"",,,0,0,0
Connecticut,2020-02-09,0,0,0,0,0,0,0,0,0,0,0,0,0,0,0,0,0,0,0,0,0,0,0,0,0,0,0,0,0,0,0,0,0,observed,-1.43865008370839,"",,,0,0,0
Connecticut,2020-02-10,0,0,0,0,0,0,0,0,0,0,0,0,0,0,0,0,0,0,0,0,0,0,0,0,0,0,0,0,0,0,0,0,0,observed,-0.853328068171773,"",,,0,0,0
Connecticut,2020-02-11,0,0,0,0,0,0,0,0,0,0,0,0,0,0,0,0,0,0,0,0,0,0,0,0,0,0,0,0,0,0,0,0,0,observed,-0.259647697203615,"",,,0,0,0
Connecticut,2020-02-12,0,0,0,0,0,0,0,0,0,0,0,0,0,0,0,0,0,0,0,0,0,0,0,0,0,0,0,0,0,0,0,0,0,observed,0.269549971964793,"",,,0,0,0
Connecticut,2020-02-13,0,0,0,0,0,0,0,0,0,0,0,0,0,0,0,0,0,0,0,0,0,0,0,0,0,0,0,0,0,0,0,0,0,observed,0.676569068941539,"",,,0,0,0
Connecticut,2020-02-14,0,0,0,0,0,0,0,0,0,0,0,0,0,0,0,0,0,0,0,0,0,0,0,0,0,0,0,0,0,0,0,0,0,observed,0.934051579915089,"",,,0,0,0
Connecticut,2020-02-15,0,0,0,0,0,0,0,0,0,0,0,0,0,0,0,0,0,0,0,0,0,0,0,0,0,0,0,0,0,0,0,0,0,observed,1.05882282654102,"",,,0,0,0
Connecticut,2020-02-16,0,0,0,0,0,0,0,0,0,0,0,0,0,0,0,0,0,0,0,0,0,0,0,0,0,0,0,0,0,0,0,0,0,observed,1.11180883982398,"",,,0,0,0
Connecticut,2020-02-17,0,0,0,0,0,0,0,0,0,0,0,0,0,0,0,0,0,0,0,0,0,0,0,0,0,0,0,0,0,0,0,0,0,observed,1.19182219334766,"",,,0,0,0
Connecticut,2020-02-18,0,0,0,0,0,0,0,0,0,0,0,0,0,0,0,0,0,0,0,0,0,0,0,0,0,0,0,0,0,0,0,0,0,observed,1.38668250032001,"",,,0,0,0
Connecticut,2020-02-19,0,0,0,0,0,0,0,0,0,0,0,0,0,0,0,0,0,0,0,0,0,0,0,0,0,0,0,0,0,0,0,0,0,observed,1.69856986016657,"",,,0,0,0
Connecticut,2020-02-20,0,0,0,0,0,0,0,0,0,0,0,0,0,0,0,0,0,0,0,0,0,0,0,0,0,0,0,0,0,0,0,0,0,observed,2.05295180612237,"",,,0,0,0
Connecticut,2020-02-21,0,0,0,0,0,0,0,0,0,0,0,0,0,0,0,0,0,0,0,0,0,0,0,0,0,0,0,0,0,0,0,0,0,observed,2.35786839104723,"",,,0,0,0
Connecticut,2020-02-22,0,0,0,0,0,0,0,0,0,0,0,0,0,0,0,0,0,0,0,0,0,0,0,0,0,0,0,0,0,0,0,0,0,observed,2.53777814308933,"",,,0,0,0
Connecticut,2020-02-23,0,0,0,0,0,0,0,0,0,0,0,0,0,0,0,0,0,0,0,0,0,0,0,0,0,0,0,0,0,0,0,0,0,observed,2.55111202506221,"",,,0,0,0
Connecticut,2020-02-24,0,0,0,0,0,0,0,0,0,0,0,0,0,0,0,0,0,0,0,0,0,0,0,0,0,0,0,0,0,0,0,0,0,observed,2.41497797317848,"",,,3.52576840127442,0,21.3893717558006
Connecticut,2020-02-25,0,0,0,0,0,0,0,0,0,0,0,0,0,0,0,0,0,0,0,0,0,0,0,0,0,0,0,0,0,0,0,0,0,observed,2.20185687824733,"",,,8.00990351357619,0,28.9087642340931
Connecticut,2020-02-26,0,0,0,0,0,0,0,0,0,0,0,0,0,0,0,0,0,0,0,0,0,0,0,0,0,0,0,0,0,0,0,0,0,observed,1.99107994182722,"",,,14.4188659294778,0,38.3855956033755
Connecticut,2020-02-27,0,0,0,0,0,0,0,0,0,0,0,0,0,0,0,0,0,0,0,0,0,0,0,0,0,0,0,0,0,0,0,0,0,observed,1.83147458355123,"",,,23.3789335645197,0,51.987874838761
Connecticut,2020-02-28,0,0,0,0,0,0,0,0,0,0,0,0,0,0,0,0,0,0,0,0,0,0,0,0,0,0,0,0,0,0,0,0,0,observed,1.73828208928246,"",,,35.2904939668986,12.7329042781075,69.1544324679957
Connecticut,2020-02-29,0,0,0,0,0,0,0,0,0,0,0,0,0,0,0,0,0,0,0,0,0,0,0,0,0,0,0,0,0,0,0,0,0,observed,1.69401752015066,"",,,48.6331383383575,18.1705672611458,94.1270869968429
Connecticut,2020-03-01,0,0,0,0,0,0,0,0,0,0,0,0,0,0,0,0,0,0,0,0,0,0,0,0,0,0,0,0,0,0,0,0,0,observed,1.67435689455763,"",,,66.9287110149958,25.6736785436059,128.507966461378
Connecticut,2020-03-02,0,0,0,0,0,0,0,0,0,0,0,0,0,0,0,0,0,0,0,0,0,0,0,0,0,0,0,0,0,0,0,0,0,observed,1.69226610038633,"",,,91.6515225155339,36.641068171723,173.317552412913
Connecticut,2020-03-03,0,0,0,0,0,0,0,0,0,0,0,0,0,0,0,0,0,0,0,0,0,0,0,0,0,0,0,0,0,0,0,0,0,observed,1.76813804550613,"",,,124.605245645794,52.5245261396886,234.445593268459
Connecticut,2020-03-04,0,0,0,0,0,0,0,0,0,0,0,0,0,0,0,0,0,0,0,0,0,0,0,0,0,0,0,0,0,0,0,0,0,observed,1.88986559183375,"",,,167.893215443275,73.9497064029383,312.224378226734
Connecticut,2020-03-05,0,0,0,0,0,0,0,0,0,0,0,0,0,0,0,0,0,0,0,0,0,0,0,0,0,0,0,0,0,0,0,0,0,observed,1.9983467991771,"",,,223.897469605259,101.317799131569,414.567467174871
Connecticut,2020-03-06,0,0,0,0,0,0,0,0,0,0,0,0,0,0,0,0,0,0,0,0,0,0,0,0,0,0,0,0,0,0,0,0,0,observed,1.98872932767398,"",,,295.309596597003,138.52426370588,537.216501042378
Connecticut,2020-03-07,0,0,0,0,0,0,0,0,0,0,0,0,0,0,0,0,0,0,0,0,0,0,0,0,0,0,0,0,0,0,0,0,0,observed,1.72313790828441,observed,13.5584288525352,2,385.23087551536,185.216512822563,697.303582607863
Connecticut,2020-03-08,0,0,0,0,0,0,0,0,0,0,0,0,0,0,0,0,0,0,0,0,0,0,0,0,0,0,0,0,0,0,0,0,0,observed,1.04923630772937,observed,17.440203043178,0,497.040941059293,245.936798623632,879.459057497819
Connecticut,2020-03-09,0,0,0,0,0,0,0,0,0,0,0,0,0,0,0,0,0,0,0,0,0,0,0,0,0,0,0,0,0,0,0,0,0,observed,-0.161521824243984,observed,23.3783376662337,0,634.312582415436,321.596060335482,1105.76880066944
Connecticut,2020-03-10,0,0,0,0,0,0,0,0,0,0,0,0,0,0,0,0,0,0,0,0,0,0,0,0,0,0,0,0,0,0,0,0,0,observed,-1.98754063135032,observed,32.2100661034238,1,800.695327498342,417.175079206841,1363.48833255352
Connecticut,2020-03-11,0,0,0,0,0,0,0,0,0,0,0,0,0,0,0,0,0,0,0,0,0,0,0,0,0,0,0,0,0,0,0,0,0,observed,-4.45383507535017,observed,44.9156605684803,0.999999999999998,999.762767538848,533.920886158521,1671.24052854532
Connecticut,2020-03-12,0,0,0,0,0,0,0,0,0,0,0,0,0,0,0,0,0,0,0,0,0,0,0,0,0,0,0,0,0,0,0,0,0,observed,-7.53708663651218,observed,62.4433191944412,2,1234.82492518294,678.864855677227,2025.51211585869
Connecticut,2020-03-13,0,0,0,0,0,0,0,0,0,0,0,0,0,0,0,0,0,0,0,0,0,0,0,0,0,0,0,0,0,0,0,0,0,observed,-11.1647441691686,observed,85.5805458707437,6.00000000000001,1508.71075358594,858.805490446025,2425.79235862677
Connecticut,2020-03-14,4.3,2,14.5,1,1,1,1,1,1,4.3,2,14.5,1,1,1,0,0,0,0,0,0,0,0,0,0,0,0,0,0,0,0,0,0,observed,-15.2184287397205,observed,115.096342229872,11,1823.53061119294,1067.0629186474,2827.82010179147
Connecticut,2020-03-15,8.7,4,19,2,2,2,2,2,2,4.3,2,14.5,1,1,1,0,0,0,0,0,0,0,0,0,0,0,0,0.160803089597925,0.160803089597925,0.160803089597925,0.160803089597925,0.160803089597925,0.160803089597925,observed,-19.5504463794793,observed,152.144470192694,1.99999999999999,2180.43352353344,1304.10438164831,3311.26237964949
Connecticut,2020-03-16,12.9,7,24,3,3,3,3,3,3,4.2,2,14,1,1,1,0,0,0,0,0,0,0,0,0,0,0,0,0.221742998872458,0.221742998872458,0.221742998872458,0.382546088470383,0.382546088470383,0.382546088470383,observed,-23.9861760188263,observed,198.520154939704,6.00000000000002,2579.37066475913,1577.81704562525,3864.68803355131
Connecticut,2020-03-17,17,10,33,4.3,4,5.5,4.2,4,5.5,4.1,2,14,1.3,1,2.5,0,0,0,0,0,0,0,0,0,0,0,0,0.30577387901869,0.30577387901869,0.30577387901869,0.688319967489073,0.688319967489073,0.688319967489073,observed,-28.3423791040545,observed,256.326668593288,37.9999999999999,3018.88544097302,1911.83304023459,4430.59563230102
Connecticut,2020-03-18,25.4,16.5,43,6.6,6,8.5,6.4,6,8,8.4,4,18.5,2.3,2,3.5,0,0,0,0,0,0,0,0,0,0,0,0,0.421644910018057,0.421644910018057,0.421644910018057,1.10996487750713,1.10996487750713,1.10996487750713,observed,-32.4568770201865,observed,327.048351895004,0,3495.96500173083,2258.58924878006,5049.59172671442
Connecticut,2020-03-19,37.8,26,59,9.9,9,12,9.7,9,11.5,12.4,7,23.5,3.3,3,4.5,0,0,0,0,0,0,2,2,2,2,2,2,0.581420678216,0.581420678216,0.581420678216,1.69138555572313,1.69138555572313,1.69138555572313,observed,-36.2127893240595,observed,410.586217635115,91.0000000000001,4005.96351014342,2671.11208192397,5696.34494402528
Connecticut,2020-03-20,53.7,38.5,81,13.2,12,15,12.9,12,14.5,16.8,10.5,34.5,4.3,4,5.5,0,0,0,0,0,0,1,1,1,3,3,3,0.80173783565635,0.80173783565635,0.80173783565635,2.49312339137948,2.49312339137948,2.49312339137948,observed,-39.5398125128854,observed,505.033668284681,35,4542.62750785341,3105.6752160061,6317.35807670175
Connecticut,2020-03-21,70.7,52,100.5,17.7,16,20.5,17.3,16,19.5,21.1,13,37,5.6,5,7,0,0,0,0,0,0,1,1,1,4,4,4,1.10145899570793,1.10145899570793,1.10145899570793,3.59458238708741,3.59458238708741,3.59458238708741,observed,-42.4079610864892,observed,607.532845227738,0,5098.24628944185,3554.6148461376,6975.7691711474
Connecticut,2020-03-22,92.1,69.5,123,23.6,21.5,26.5,22.9,21,25.5,25.4,16.5,43,6.9,6,9,0,0,0,0,0,0,4,4,4,8,8,8,1.49623075956041,1.49623075956041,1.49623075956041,5.09081314664782,5.09081314664782,5.09081314664782,observed,-44.8163216503212,observed,715.613420824737,133,5663.92066514599,4002.43797372341,7621.03688581224
Connecticut,2020-03-23,117.2,91.5,152.5,30.7,28,34.5,29.8,27.5,33,29.1,19.5,46.5,8.2,7,10,0,0,0,0,0,0,2,2,2,10,10,10,2.00928942633648,2.00928942633648,2.00928942633648,7.1001025729843,7.1001025729843,7.1001025729843,observed,-46.7794706971152,observed,827.977671976086,88.0000000000002,6229.94273335287,4495.44135002661,8243.88958136443
Connecticut,2020-03-24,150.3,119.5,185.5,39.1,36,43,37.8,35,41,37.9,25.5,58,10.4,9,12.5,0,0,0,0,0,0,2,2,2,12,12,12,2.66759458444451,2.66759458444451,2.66759458444451,9.76769715742881,9.76769715742881,9.76769715742881,observed,-48.3295879181462,observed,944.256699126724,203,6786.24601191248,5003.67035770282,8815.38507496736
Connecticut,2020-03-25,191.6,157.5,230,49.8,46,54.5,48,45,52,50.2,35.5,74.5,13.7,12,16,0,0,0,0,0,0,7,7,7,19,19,19,3.50147060554509,3.50147060554509,3.50147060554509,13.2691677629739,13.2691677629739,13.2691677629739,observed,-49.5210816181755,observed,1064.14816127147,257,7322.82215178196,5511.24717876341,9373.52988072547
Connecticut,2020-03-26,238.3,200.5,286,61.8,57.5,67,59.5,56,63.5,59.3,43,85.5,16,14,18.5,0,0,0,0,0,0,2,2,2,21,21,21,4.544170540453,4.544170540453,4.544170540453,17.8133383034269,17.8133383034269,17.8133383034269,observed,-50.4229868328669,observed,1186.62716806275,137.000000000001,7830.12745169145,5962.87815459892,9888.38108055818
Connecticut,2020-03-27,293.4,249,342.1,76.3,71,82,73.3,69.5,78,71.8,53.5,98.5,19.5,17.5,22.5,0,0,0,0,0,0,6,6,6,27,27,27,5.8311271312039,5.8311271312039,5.8311271312039,23.6444654346308,23.6444654346308,23.6444654346308,observed,-51.1090772964091,observed,1309.63866307333,279,8299.44228289359,6373.52589846954,10353.7177494163
Connecticut,2020-03-28,361.1,313,414.5,94.7,88.5,101.5,90.8,86.5,96,88.3,66.5,118,24.4,21.5,28,0,0,0,0,0,1.5,6,6,6,33,33,33,7.3988529249169,7.3988529249169,7.3988529249169,31.0433183595477,31.0433183595477,31.0433183595477,observed,-51.6451382111322,observed,1430.30614247463,233,8723.19440331616,6785.87708209445,10793.4970515802
Connecticut,2020-03-29,438.1,384,503.5,115.8,109.5,123,110.8,105.5,116.5,101.6,77.5,135,28.1,25.5,32,0,0,0,15.8,9.5,23,1,1,1,34,34,34,9.2834706933153,9.2834706933153,9.2834706933153,40.326789052863,40.326789052863,40.326789052863,observed,-52.0794942510525,observed,1545.51553046846,469.000000000001,9095.23253803099,7153.67762442667,11192.0605167595
Connecticut,2020-03-30,531.2,470.5,602.5,140.3,133,148.5,134.2,128,140.5,122.2,96,158,33.9,31,38,0,0,0,40.3,33,48.5,2,2,2,36,36,36,11.518881946747,11.518881946747,11.518881946747,51.84567099961,51.84567099961,51.84567099961,observed,-52.441454839998,observed,1652.68285525105,577.999999999999,9411.02020980569,7485.8604044055,11559.4932587635
Connecticut,2020-03-31,631,563,704.5,167,159.5,176,159.2,152.5,166.5,138.2,109,174,38.9,35.5,43.5,0,0,0,67,59.5,76,33,33,33,69,69,69,14.1346142377764,14.1346142377764,14.1346142377764,65.9802852373864,65.9802852373864,65.9802852373864,observed,-52.7499032052916,observed,1750.45516245489,556.999999999999,9667.77279067254,7739.38888498317,11843.1017486958
Connecticut,2020-04-01,741.5,667.5,822,197.5,189.5,207,188,180.5,196.5,159.4,128.5,200,44.8,41,49.5,0,0,0,97.5,89.5,107,16,16,16,85,85,85,17.1534341597573,17.1534341597573,17.1534341597573,83.1337193971437,83.1337193971437,83.1337193971437,observed,-53.0179462921957,observed,1839.06754598568,429.000000000002,9864.45997449745,7986.6596821303,12064.7680092346
Connecticut,2020-04-02,868.3,782.5,956,232.4,223,243.5,220.9,212.5,229.5,185,152,231.5,52.2,48,57.5,0,0,0,132.4,123,143.5,27,27,27,112,112,112,20.5888756331083,20.5888756331083,20.5888756331083,103.722595030252,103.722595030252,103.722595030252,observed,-53.257217128795,observed,1920.18750581053,266.999999999999,10001.6580489185,8110.56556786216,12288.1394273799
Connecticut,2020-04-03,1003.5,918.5,1100.5,269.1,258.5,280.5,255.3,246.5,265.5,206.4,170.5,252,58.3,54,64,0,0,0,169.1,158.5,180.5,19,19,19,131,131,131,24.442803025942,24.442803025942,24.442803025942,128.165398056194,128.165398056194,128.165398056194,observed,-53.4793774661522,observed,1996.33658241651,1090,10081.3822965936,8264.07105760933,12345.073563361
Connecticut,2020-04-04,1147.9,1053,1248.5,310.1,298,323,293.7,283.5,304.5,230.2,190.5,278.5,65.9,61,72,0,0,0,210.1,198,223,34,34,34,165,165,165,28.703176783564,28.703176783564,28.703176783564,156.868574839758,156.868574839758,156.868574839758,observed,-53.6985654666117,observed,2070.17340688044,362.000000000001,10106.9065777788,8285.005535287,12315.8572584249
Connecticut,2020-04-05,1300.2,1198,1406.5,352.3,339,366.5,332.9,322,344.5,252.3,212.5,303,72.4,67,79,0,0,0,252.3,239,266.5,24,24,24,189,189,189,33.342388481024,33.342388481024,33.342388481024,190.210963320782,190.210963320782,190.210963320782,observed,-53.9288823952194,observed,2143.922559967,398.999999999997,10082.5095826402,8230.9991573905,12348.6336676439
Connecticut,2020-04-06,1457.9,1355.4,1578.5,397.9,383.5,413,375.2,363.5,387.5,276,235,329,80,74,86.5,0,0,0,297.9,283.5,313,17,17,17,206,206,206,38.316146704677,38.316146704677,38.316146704677,228.527110025459,228.527110025459,228.527110025459,observed,-54.1744343829287,observed,2219.05546434762,1231,10013.239806071,8145.69400770058,12290.3688977709
Connecticut,2020-04-07,1622.2,1510.5,1744.6,444.7,428.5,461,418.4,405,432,298.8,254,352,86.5,80.5,93,0,0,5.6,344.7,328.5,361,71,71,71,277,277,277,43.563834361915,43.563834361915,43.563834361915,272.090944387374,272.090944387374,272.090944387374,observed,-54.4271291166684,observed,2296.16458945585,874.999999999999,9904.67503633337,8042.33815030005,12174.0972705801
Connecticut,2020-04-08,1783.9,1672.5,1904,491.7,474,510,461.5,447,476.5,317,275,367,93,87,100,44.9,0,165.1,391.7,374,410,49,49,49,326,326,326,49.00971161119,49.00971161119,49.00971161119,321.100655998564,321.100655998564,321.100655998564,observed,-54.6642981049539,observed,2374.9087509136,1000,9762.63179517194,7869.0754543851,12004.1156359201
Connecticut,2020-04-09,1944.3,1826.5,2069.5,539.8,521,558.5,505.4,489,521.5,339.3,292.5,396.6,99.6,93,106.5,205.3,87.5,330.5,439.8,421,458.5,54,54,54,380,380,380,54.565241134174,54.565241134174,54.565241134174,375.665897132738,375.665897132738,375.665897132738,observed,-54.8494362180476,observed,2453.97117726054,1002.99999999999,9592.84606205787,7731.78136583493,11835.6635389518
Connecticut,2020-04-10,2102.8,1974,2235.6,586.5,566.5,607,547.7,531,564.5,358.3,309,416.5,105.1,98.5,113,363.8,235,496.6,486.5,466.5,507,68,68,68,448,448,448,60.132743666676,60.132743666676,60.132743666676,435.798640799414,435.798640799414,435.798640799414,observed,-54.941710346499,observed,2531.07891630102,754.000000000004,9400.76532705731,7544.27800684624,11548.4382656606
Connecticut,2020-04-11,2251.6,2122.9,2396,631.7,611.5,652.5,588.4,570.5,606,370.1,318,427,109.2,101.5,117.5,512.6,383.9,657,531.7,511.5,552.5,46,46,46,494,494,494,65.610390334901,65.610390334901,65.610390334901,501.409031134315,501.409031134315,501.409031134315,observed,-54.9098136019476,observed,2603.22801514869,971.999999999996,9191.43251962452,7377.38982793215,11245.5973238313
Connecticut,2020-04-12,2395.7,2271.4,2530.5,675.4,653,697,627.5,609.5,645,387.4,336.5,445.5,114.6,107.5,123,656.7,532.4,791.5,575.4,553,597,60,60,60,554,554,554,70.8984059643089,70.8984059643089,70.8984059643089,572.307437098624,572.307437098624,572.307437098624,observed,-54.7397621277329,observed,2667.23673142065,525.000000000007,8969.40358753062,7220.83952145219,10969.9876975736
Connecticut,2020-04-13,2525.6,2388,2667.5,716.8,693,738,664,645,682,394.8,346.5,452,118.3,111,126.5,786.6,649,928.5,616.8,593,638,48,48,48,602,602,602,75.902313899786,75.902313899786,75.902313899786,648.20975099841,648.20975099841,648.20975099841,observed,-54.4320732457387,observed,2720.59043289412,1346,8738.7434919846,7079.71913975076,10756.8854318385
Connecticut,2020-04-14,2641.3,2504,2787,754.8,732,777.5,697.4,678,716.5,402.8,351.5,459.5,120.9,113,129,902.3,765,1048,654.8,632,677.5,69,69,69,671,671,671,80.534658531515,80.534658531515,80.534658531515,728.744409529925,728.744409529925,728.744409529925,observed,-54.0135085252907,observed,2762.29882705181,607.999999999998,8503.03236071056,6838.3992170536,10504.0653610855
Connecticut,2020-04-15,2744.8,2607.5,2892.5,788.8,765,813,726.5,707,746.5,408.3,352.5,470.5,123.1,115,132,1005.8,868.5,1153.5,688.8,665,713,197,197,197,868,868,868,84.7188732285331,84.7188732285331,84.7188732285331,813.463282758458,813.463282758458,813.463282758458,observed,-53.5339305101333,observed,2793.38559500592,766,8265.2553623725,6644.95293581236,10307.4057269433
Connecticut,2020-04-16,2831.7,2682.5,2979.1,819,795,844,752.3,732,774,412.4,361,466.5,124.5,117,133,1092.7,943.5,1240,719,695,744,103,103,103,971,971,971,88.391554219317,88.391554219317,88.391554219317,901.854836977775,901.854836977775,901.854836977775,observed,-53.0411589175229,observed,2816.77285205075,1129,8027.80006826163,6442.93188259231,9935.81427142804
Connecticut,2020-04-17,2900.1,2747.4,3048.1,845.3,818.5,870.5,774.3,752,796.5,411.4,362.5,469.5,125.1,117,133.5,1161.1,1008.5,1309,745.3,718.5,770.5,65,65,65,1036,1036,1036,91.506715199557,91.506715199557,91.506715199557,993.361552177332,993.361552177332,993.361552177332,observed,-52.5709216730454,observed,2836.63714038538,924.999999999993,7792.51236749223,6241.89950187748,9571.11406539327
Connecticut,2020-04-18,2956.3,2815.9,3100,866.3,839.5,893.5,791.3,769.5,816,412.3,364,471,125.5,117,134.5,1217.3,1076.9,1361,766.3,739.5,793.5,50,50,50,1086,1086,1086,94.0366224500581,94.0366224500581,94.0366224500581,1087.39817462739,1087.39817462739,1087.39817462739,observed,-52.1469194785631,observed,2857.51112539582,741.000000000007,7560.68963010789,6024.76432544645,9308.05366539308
Connecticut,2020-04-19,2993.9,2854.5,3147.1,883.1,854.5,912,804.4,782.5,830,409.1,351,470,124.8,117,133.5,1254.9,1115.5,1408,783.1,754.5,812,41,41,41,1127,1127,1127,95.9707393548299,95.9707393548299,95.9707393548299,1183.36891398222,1183.36891398222,1183.36891398222,observed,-51.7807079303737,observed,2883.40319300525,411.999999999989,7333.17796117555,5813.2968392271,9031.01305352741
Connecticut,2020-04-20,3019.3,2872,3171.5,895.3,866.5,924.5,813.4,790,838,404.9,352.5,470,123.7,115,132.5,1280.3,1133,1432.5,795.3,766.5,824.5,204,204,204,1331,1331,1331,97.3162288937801,97.3162288937801,97.3162288937801,1280.685142876,1280.685142876,1280.685142876,observed,-51.4691984526615,observed,2917.06474623896,1853,7110.53118519199,5652.02888563112,8695.11367359534
Connecticut,2020-04-21,3031,2881.5,3191,904,876,935,819.2,796.5,845.5,399.3,347,460,122.7,114.5,131.5,1292,1142.5,1452,804,776,835,92,92,92,1423,1423,1423,98.0940437824199,98.0940437824199,98.0940437824199,1378.77918665842,1378.77918665842,1378.77918665842,observed,-51.190671753383,observed,2959.44709880502,545.000000000015,6893.04454484416,5516.79369152812,8433.50086018409
Connecticut,2020-04-22,3029,2879,3187.1,908.1,880,938,820.9,798.5,845.5,392.2,342,450.5,120.7,112.5,129.5,1290,1140,1448.1,808.1,780,838,121,121,121,1544,1544,1544,98.3363946495899,98.3363946495899,98.3363946495899,1477.11558130801,1477.11558130801,1477.11558130801,observed,-50.9156775137181,observed,3009.35736146995,2108.99999999999,6680.78549986433,5333.63133894906,8144.38898072208
Connecticut,2020-04-23,3013.3,2864.5,3173.5,908.4,880,939,819.3,795.5,844.5,383,332,441,118.4,110,127,1274.3,1125.5,1434.5,808.4,780,839,95,95,95,1639,1639,1639,98.0852567127502,98.0852567127502,98.0852567127502,1575.20083802076,1575.20083802076,1575.20083802076,observed,-50.6157672775224,observed,3063.35972474036,631.000000000015,6473.6016724217,5168.99781896683,7884.03625842911
Connecticut,2020-04-24,2987.3,2835,3139.5,904.9,876.5,933,814.5,792,839,373.2,325,427,115.8,107.5,124.5,1248.3,1096,1400.5,804.9,776.5,833,128,128,128,1767,1767,1767,97.3911487985599,97.3911487985599,97.3911487985599,1672.59198681932,1672.59198681932,1672.59198681932,observed,-50.2632706438285,observed,3116.0086062521,835.999999999996,6271.16504647823,5008.76211887528,7640.48280286404
Connecticut,2020-04-25,2953.2,2810.5,3102.1,898.7,868,927.5,807.3,783,832,366.5,317.5,422.5,113.4,106,122,1214.2,1071.5,1363.1,798.7,768,827.5,98,98,98,1865,1865,1865,96.30972704587,96.30972704587,96.30972704587,1768.90171386519,1768.90171386519,1768.90171386519,observed,-49.8394031340337,observed,3160.57130987248,646.999999999993,6073.02216723132,4864.85283037225,7413.50161540349
Connecticut,2020-04-26,2911.5,2773,3061.5,889.1,857.5,919,797.3,772,822.5,357.3,309.5,414.5,110.6,103,120,1172.5,1034,1322.5,789.1,757.5,819,59,59,59,1924,1924,1924,94.89961974004,94.89961974004,94.89961974004,1863.80133360523,1863.80133360523,1863.80133360523,observed,-49.3360634554808,observed,3190.35149661195,686,5878.64310332648,4669.87300385208,7169.14278716063
Connecticut,2020-04-27,2861,2725,3011.5,876.3,845,908,784.5,759.5,811,346.2,298,400.5,107.1,100,115.5,1122,986,1272.5,776.3,745,808,88,88,88,2012,2012,2012,93.2194327423301,93.2194327423301,93.2194327423301,1957.02076634756,1957.02076634756,1957.02076634756,observed,-48.7449353794575,observed,3200.51536998717,727.999999999993,5687.47787293409,4492.64263821999,6958.95124322864
Connecticut,2020-04-28,2806,2665,2952.5,862.1,831,894,770.6,746.5,797,336.7,288,386.5,104.8,97.5,113.5,1067,926,1213.5,762.1,731,794,75,75,75,2087,2087,2087,91.3240758643399,91.3240758643399,91.3240758643399,2048.3448422119,2048.3448422119,2048.3448422119,observed,-48.0699161419493,observed,3189.95284123372,315.000000000015,5499.00475237056,4373.64146709325,6706.89103099425
Connecticut,2020-04-29,2749.1,2600.5,2898,846.5,814.5,878,755.7,730.5,782,329.5,282,384.5,102,94.5,110.5,1010.1,861.5,1159,746.5,714.5,778,82,82,82,2169,2169,2169,89.26188591239,89.26188591239,89.26188591239,2137.60672812429,2137.60672812429,2137.60672812429,observed,-47.3361542180052,observed,3162.52513778612,454.999999999978,5312.75129301112,4265.78736679949,6466.33126658055
Connecticut,2020-04-30,2688.6,2554.5,2835.1,829.7,799,859,739.9,713,765,319.2,274.5,371.5,99.3,92,107.5,949.6,815.5,1096,729.7,699,759,88,88,88,2257,2257,2257,87.0768900298599,87.0768900298599,87.0768900298599,2224.68361815415,2224.68361815415,2224.68361815415,observed,-46.5880803881865,observed,3127.1773220751,933.000000000011,5128.31478291061,4091.4642754857,6270.03558241303
Connecticut,2020-05-01,2624.9,2487.5,2773,810.9,781,841,722.5,696.5,747,307.2,261.5,357,95.7,88.5,103.5,885.9,748.5,1034,710.9,681,741,82,82,82,2339,2339,2339,84.8089683309699,84.8089683309699,84.8089683309699,2309.49258648512,2309.49258648512,2309.49258648512,observed,-45.8887827681398,observed,3096.81398794289,1064.00000000001,4945.37397664293,3968.71182686054,6063.23227076991
Connecticut,2020-05-02,2556.5,2419,2689.6,791.3,762.5,822,704.4,679,729.5,297.4,254.5,347.5,93.2,86,101.5,817.5,680,950.6,691.3,662.5,722,97,97,97,2436,2436,2436,82.4931734426305,82.4931734426305,82.4931734426305,2391.98575992775,2391.98575992775,2391.98575992775,observed,-45.3112704425462,observed,3086.17972885202,523,4763.68859229823,3803.08062993122,5813.59707232857
Connecticut,2020-05-03,2489.8,2359,2629.6,772.3,743.5,802,686.9,663,713,290,249.5,339,90.6,83.5,98.5,750.8,620,890.6,672.3,643.5,702,0,0,0,2436,2436,2436,80.1609951953296,80.1609951953296,80.1609951953296,2472.14675512308,2472.14675512308,2472.14675512308,observed,-44.9150700137359,observed,3109.24507279876,,4583.1034284968,3657.03258470237,5565.66665455823
Connecticut,2020-05-04,2423.8,2291,2567.6,752.1,723,783,668.7,643.5,693.5,282.1,240.5,330.5,87.6,80.5,95.5,684.8,552,828.6,652.1,623,683,120,120,120,2556,2556,2556,77.8373156921102,77.8373156921102,77.8373156921102,2549.98407081519,2549.98407081519,2549.98407081519,observed,-44.7193627767489,observed,3176.64462414705,,4403.55015765301,3518.40114581086,5360.11077368573
Connecticut,2020-05-05,2357.9,2233.5,2501,731.6,703,760,650.2,625,674,273.6,232.5,324,85.2,78.5,92.5,618.9,494.5,762,631.6,603,660,77,77,77,2633,2633,2633,75.5378286957698,75.5378286957698,75.5378286957698,2625.52189951096,2625.52189951096,2625.52189951096,observed,-44.6979568450096,observed,3293.71542381868,648.000000000015,4225.05241845352,3350.88449482922,5139.00370136774
Connecticut,2020-05-06,2289.4,2161.5,2430.5,710.6,682.5,739,631.2,607.5,655,264.6,223,311,82.4,75.5,90,550.4,422.5,691.5,610.6,582.5,639,85,85,85,2718,2718,2718,73.2740531530303,73.2740531530303,73.2740531530303,2698.79595266399,2698.79595266399,2698.79595266399,observed,-44.7905677403001,observed,3459.56934602773,373.999999999989,4047.72783852181,3210.12036452064,4939.73978755961
Connecticut,2020-05-07,2223,2098.5,2357.5,690.6,661.5,719.5,613.1,589.5,636.5,255.8,216,307.5,79.7,73,87,484,359.5,618.5,590.6,561.5,619.5,79,79,79,2797,2797,2797,71.0544284552298,71.0544284552298,71.0544284552298,2769.85038111922,2769.85038111922,2769.85038111922,observed,-44.9147765631558,observed,3667.58912605816,789.000000000015,3871.77335737729,3060.91489271062,4760.39070169897
Connecticut,2020-05-08,2158.7,2034.5,2295.5,670.7,641.5,697.5,595.4,573,618,248,207.5,298,77.6,71,85,419.7,295.5,556.5,570.7,541.5,597.5,77,77,77,2874,2874,2874,68.88422992699,68.88422992699,68.88422992699,2838.73461104621,2838.73461104621,2838.73461104621,observed,-44.9874900340388,observed,3907.40645575781,626.999999999985,3697.45341404809,2916.08366131888,4564.86824640356
Connecticut,2020-05-09,2095.8,1980.5,2230.5,651.1,622.5,678.5,577.7,556,600,240.1,203,287,74.9,68.5,82,356.8,241.5,491.5,551.1,522.5,578.5,58,58,58,2932,2932,2932,66.76638458146,66.76638458146,66.76638458146,2905.50099562767,2905.50099562767,2905.50099562767,observed,-44.9403859583707,observed,4167.80468678797,572.999999999985,3525.10699849898,2779.83282736367,4382.97598211602
Connecticut,2020-05-10,2031,1917.5,2162,631.1,603,659.5,559.8,538,582,231.2,194.5,277,72.1,65.5,79.5,292,178.5,423,531.1,503,559.5,35,35,35,2967,2967,2967,64.7020214139102,64.7020214139102,64.7020214139102,2970.20301704158,2970.20301704158,2970.20301704158,observed,-44.7288242893699,observed,4439.32130083473,570.000000000007,3355.12174836761,2640.49854129276,4184.68331174658
Connecticut,2020-05-11,1965.8,1850,2104,611.1,584.5,638,541.8,520,563,222.9,185,268.5,69.8,63.5,76.5,226.8,111,365,511.1,484.5,538,41,41,41,3008,3008,3008,62.68957485901,62.68957485901,62.68957485901,3032.89259190059,3032.89259190059,3032.89259190059,observed,-44.3254791754262,observed,4715.42282668745,211.000000000007,3187.91120064997,2497.15567562981,3983.56357472765
Connecticut,2020-05-12,1900.2,1788,2032.5,591.3,564.5,617,524,501.5,544.5,213.7,178.5,258.5,67.2,61,74,161.2,49,293.5,491.3,464.5,517,33,33,33,3041,3041,3041,60.7257109703501,60.7257109703501,60.7257109703501,3093.61830287094,3093.61830287094,3093.61830287094,observed,-43.719909604814,observed,4991.88649405201,568.000000000015,3023.90876676804,2364.96154709681,3800.67561156046
Connecticut,2020-05-13,1840.8,1736,1962.5,572.5,548,598.5,507.3,486.5,528.5,210.9,173,254.5,65.5,60,72.5,101.8,0,223.5,472.5,448,498.5,84,84,84,3125,3125,3125,58.8053724736797,58.8053724736797,58.8053724736797,3152.42367534462,3152.42367534462,3152.42367534462,observed,-42.9302594774405,observed,5264.85881112425,521.999999999985,2863.55695961279,2240.06935694896,3594.55058845045
Connecticut,2020-05-14,1781.1,1677.5,1900.5,553.8,530,578.5,490.5,469.5,511.5,202.2,166.5,248.5,62.9,57,69.5,42.1,0,161.5,453.8,430,478.5,94,94,94,3219,3219,3219,56.9230281166901,56.9230281166901,56.9230281166901,3209.34670346131,3209.34670346131,3209.34670346131,observed,-42.0013787958968,observed,5528.41267682596,609.000000000007,2707.29824678283,2106.92479390132,3408.16708476784
Connecticut,2020-05-15,1721,1619,1836,535,511,559.5,473.9,454,493.5,193.9,157.5,235.5,60.5,54.5,67.5,0,0,97,435,411,459.5,66,66,66,3285,3285,3285,55.07317453825,55.07317453825,55.07317453825,3264.41987799956,3264.41987799956,3264.41987799956,observed,-40.9945113887255,observed,5772.58954327403,620.999999999985,2555.57698951801,1990.64443182595,3241.15139395333
Connecticut,2020-05-16,1660.7,1555,1770.6,516.8,492,541,457.5,436.5,477.5,185.6,151.5,229.5,58.3,52.5,64.5,0,0,31.6,416.8,392,441,54,54,54,3339,3339,3339,53.2504949650802,53.2504949650802,53.2504949650802,3317.67037296464,3317.67037296464,3317.67037296464,observed,-39.9814438892997,observed,5983.11176211672,618.000000000022,2408.84501858267,1872.44346568639,3078.60615077592
Connecticut,2020-05-17,1605.5,1503.5,1719,499.8,476.5,523.5,442.4,422.5,460.5,181.7,147.5,222.5,56.7,51.5,62.5,0,0,0,399.8,376.5,423.5,69,69,69,3408,3408,3408,51.4502556385401,51.4502556385401,51.4502556385401,3369.12062860318,3369.12062860318,3369.12062860318,observed,-39.0371831094564,observed,6143.77228870587,715.999999999985,2267.5532561434,1763.12442372552,2909.15768115134
Connecticut,2020-05-18,1548,1443,1650,482.7,459,506,427.2,408.5,446,171.1,140,211,54,48.5,60.5,0,0,0,382.7,359,406,42,42,42,3450,3450,3450,49.6683101184599,49.6683101184599,49.6683101184599,3418.78893872164,3418.78893872164,3418.78893872164,observed,-38.2244418968978,observed,6241.36948804896,696.999999999993,2132.13126756496,1650.74365405288,2728.94382534718
Connecticut,2020-05-19,1491.1,1388.5,1597.6,464.7,441.5,488.5,411,391,430.5,163.6,132.5,202.5,51.4,46,57.5,0,0,0,364.7,341.5,388.5,22,22,22,3472,3472,3472,47.9013178210598,47.9013178210598,47.9013178210598,3466.6902565427,3466.6902565427,3466.6902565427,observed,-37.5850888211226,observed,6271.18715158564,313.999999999993,2002.96653010944,1556.64814878466,2545.88963818317
Connecticut,2020-05-20,1435.2,1335.4,1547.5,448.2,426.5,470.5,396.3,378.5,415.5,160.3,128,200.5,50.3,45,56,0,0,0,348.2,326.5,370.5,57,57,57,3529,3529,3529,46.1467987287101,46.1467987287101,46.1467987287101,3512.83705527141,3512.83705527141,3512.83705527141,observed,-37.1368819753293,observed,6240.09669819425,587.000000000015,1880.39825535276,1477.36424862361,2384.20432444631
Connecticut,2020-05-21,1379.6,1283,1488.5,431.2,409,453.5,381.1,363,400.5,151.6,121,188.5,47.6,42.5,53.5,0,0,0,331.2,309,353.5,54,54,54,3583,3583,3583,44.40309856866,44.40309856866,44.40309856866,3557.24015384007,3557.24015384007,3557.24015384007,observed,-36.866276445986,observed,6165.50623466328,191.000000000007,1764.71061755165,1377.81147302636,2224.39463635865
Connecticut,2020-05-22,1323.3,1231,1430,414.3,393.5,436.5,366,348.5,385,142.8,113.5,182.5,45,40,50.5,0,0,0,314.3,293.5,336.5,54,54,54,3637,3637,3637,42.6693253548301,42.6693253548301,42.6693253548301,3599.9094791949,3599.9094791949,3599.9094791949,observed,-36.7292007777925,observed,6070.91985415515,431.999999999993,1656.13753953641,1289.36379097323,2081.34417276156
Connecticut,2020-05-23,1270,1174.5,1371.5,398.1,377.5,419,351.4,334,370.5,138.3,109.5,177,43.9,39,50,0,0,0,298.1,277.5,319,38,38,38,3675,3675,3675,40.94542514659,40.94542514659,40.94542514659,3640.85490434149,3640.85490434149,3640.85490434149,observed,-36.6588967096484,observed,5980.40649571458,382.000000000007,1554.85619881663,1207.78395891568,1935.49428997497
Connecticut,2020-05-24,1214.2,1118.5,1318,381.5,361.5,403.5,336.6,319,354,130.3,103,164.5,41.2,36.5,47,0,0,0,281.5,261.5,303.5,18,18,18,3693,3693,3693,39.23223695144,39.23223695144,39.23223695144,3680.08714129293,3680.08714129293,3680.08714129293,observed,-36.5784369307346,observed,5914.01092359645,445.999999999993,1460.97662586433,1134.40996078175,1824.7756459713
Connecticut,2020-05-25,1159.6,1071.9,1255.5,365,344.5,387,321.8,305,340.5,121.6,96,154,38.7,34,44,0,0,0,265,244.5,287,49,49,49,3742,3742,3742,37.5317618648201,37.5317618648201,37.5317618648201,3717.61890315775,3717.61890315775,3717.61890315775,observed,-36.3979763459913,observed,5884.84219109698,404.999999999993,1374.53409897982,1065.76419821171,1710.9500608321
Connecticut,2020-05-26,1108.3,1021,1199,348.8,328.5,370,307.3,291,324.5,118.2,92,155,37.3,33,43,0,0,0,248.8,228.5,270,27,27,27,3769,3769,3769,35.8466741984998,35.8466741984998,35.8466741984998,3753.46557735625,3753.46557735625,3753.46557735625,observed,-36.0268743375831,observed,5897.7633192592,429.999999999993,1295.49474728091,1002.26932512287,1621.06512263942
Connecticut,2020-05-27,1053.4,972.5,1149.5,332.5,313,352.5,292.7,276.5,309.5,109.6,85.5,141.5,34.7,30.5,40,0,0,0,232.5,213,252.5,34,34,34,3803,3803,3803,34.17991561695,34.17991561695,34.17991561695,3787.6454929732,3787.6454929732,3787.6454929732,observed,-35.4238118367254,observed,5949.37667435235,0,1223.76248632023,942.415233705705,1532.99278018545
Connecticut,2020-05-28,1001.9,925,1092.5,317.2,298,337.5,279,262.5,295.5,104.7,80,136.5,33.1,29,38.5,0,0,0,217.2,198,237.5,23,23,23,3826,3826,3826,32.5349024358002,32.5349024358002,32.5349024358002,3820.180395409,3820.180395409,3820.180395409,observed,-34.6011828332739,observed,6029.15168496379,270.999999999993,1159.1972775441,889.121136142805,1461.01525690096
Connecticut,2020-05-29,950.9,875.5,1043.5,300.8,283,320.5,264.4,248.5,281,97.3,74.5,129,31,27,36,0,0,0,200.8,183,220.5,42,42,42,3868,3868,3868,30.91608339915,30.91608339915,30.91608339915,3851.09647880815,3851.09647880815,3851.09647880815,observed,-33.6152912951236,observed,6121.53514531631,203.000000000022,1101.62973207424,845.255235656188,1393.62327176284
Connecticut,2020-05-30,900,824.5,985,285.6,267.5,305,250.8,235.5,267,91.6,71,121,29.4,25.5,34.5,0,0,0,185.6,167.5,205,44,44,44,3912,3912,3912,29.3279525722101,29.3279525722101,29.3279525722101,3880.42443138036,3880.42443138036,3880.42443138036,observed,-32.5513624937968,observed,6208.87494055108,260.000000000015,1050.87829448766,812.397567104091,1327.85856921415
Connecticut,2020-05-31,854.1,781,935,271.5,254.5,290.5,238.3,224,253.5,88.7,67.5,117.5,28,24.5,32.5,0,0,0,171.5,154.5,190.5,32,32,32,3944,3944,3944,27.7746498422598,27.7746498422598,27.7746498422598,3908.19908122262,3908.19908122262,3908.19908122262,observed,-31.4909450459089,observed,6274.83246804077,178.999999999978,1006.76743729429,780.420245836573,1268.53143586077
Connecticut,2020-06-01,806.7,737.5,882.5,256.7,240,275.5,225,211.5,240,79.6,60,109,25.6,22,30.5,0,0,0,156.7,140,175.5,26,26,26,3970,3970,3970,26.2599045748002,26.2599045748002,26.2599045748002,3934.45898579742,3934.45898579742,3934.45898579742,observed,-30.4800975405083,observed,6307.80291301586,539,969.144222314118,758.034739012809,1216.2685424052
Connecticut,2020-06-02,759.7,691,831.5,242.7,226.5,260.5,212.6,199.5,227,75.6,56,104.5,24.3,20.5,29,0,0,0,142.7,126.5,160.5,2,2,2,3972,3972,3972,24.7875583196997,24.7875583196997,24.7875583196997,3959.24654411712,3959.24654411712,3959.24654411712,observed,-29.5302149091268,observed,6303.55353866193,239.000000000015,937.868215497217,738.263536445105,1166.13943285682
Connecticut,2020-06-03,716.4,648,782.5,229.1,214,246.5,200.4,188,213.5,71.5,53,98.5,23,19.5,27,0,0,0,129.1,114,146.5,17,17,17,3989,3989,3989,23.3620834734202,23.3620834734202,23.3620834734202,3982.60862759054,3982.60862759054,3982.60862759054,observed,-28.6461043165441,observed,6266.28731435318,111.999999999985,912.002244478634,726.83916080791,1126.48865122713
Connecticut,2020-06-04,675,607,746,216.4,201,232.5,189.2,177.5,202.5,67.3,49.5,95,21.3,18,25.5,0,0,0,116.4,101,132.5,18,18,18,4007,4007,4007,21.9882843844102,21.9882843844102,21.9882843844102,4004.59691197495,4004.59691197495,4004.59691197495,observed,-27.8440106082068,observed,6207.7297307625,148.000000000029,890.32409889576,720.741652983474,1079.7353370379
Connecticut,2020-06-05,635.4,569,704.5,203.7,188.5,220.5,178.1,166.5,191,62.5,45.5,88.5,20.2,17,24.5,0,0,0,103.7,88.5,120.5,31,31,31,4038,4038,4038,20.67083568516,20.67083568516,20.67083568516,4025.26774766011,4025.26774766011,4025.26774766011,observed,-27.1522393757755,observed,6144.58794941594,221,871.652711143597,719.75115189699,1051.91636095283
Connecticut,2020-06-06,597.7,535,665.5,191.2,177,206.5,167,155.5,179.5,59,42.5,83,18.8,16,22.5,0,0,0,91.2,77,106.5,17,17,17,4055,4055,4055,19.4136729580196,19.4136729580196,19.4136729580196,4044.68142061813,4044.68142061813,4044.68142061813,observed,-26.6047480599606,observed,6095.13850223824,357.999999999985,854.740918088255,708.969427272376,1027.05761571679
Connecticut,2020-06-07,560,499,623,180.1,165.5,194.5,157.2,146,169,54.6,39.5,76.5,17.5,14.5,21.5,0,0,0,80.1,65.5,94.5,16,16,16,4071,4071,4071,18.21986349499,18.21986349499,18.21986349499,4062.90128411312,4062.90128411312,4062.90128411312,observed,-26.226160865091,observed,6075.73100460913,149.999999999978,838.469266836346,697.219915472613,1007.36510000095
Connecticut,2020-06-08,531,472,596,169.9,156.5,184,148.4,137.5,160.5,55.2,39.5,79,17.2,14.5,21,0,0,0,69.9,56.5,84,13,13,13,4084,4084,4084,17.0921546453901,17.0921546453901,17.0921546453901,4079.99343875851,4079.99343875851,4079.99343875851,observed,-25.9951960305065,observed,6097.73443724434,124.000000000029,824.169588846694,686.60876308076,989.630631797224
Connecticut,2020-06-09,501,443.5,564.5,160.2,147,174,140,129.5,152,50.2,35.5,73,16,13,20,0,0,0,60.2,47,74,13,13,13,4097,4097,4097,16.0331212457504,16.0331212457504,16.0331212457504,4096.02656000426,4096.02656000426,4096.02656000426,observed,-25.844319704924,observed,6165.35005883807,86.9999999999782,809.638006396332,673.876185474161,976.528480207431
Connecticut,2020-06-10,471.3,417,540.5,150.8,138,164.5,131.7,121,143.5,46.3,32.5,70.5,14.7,12,18,0,0,0,50.8,38,64.5,23,23,23,4120,4120,4120,15.0447602711192,15.0447602711192,15.0447602711192,4111.07132027538,4111.07132027538,4111.07132027538,observed,-25.6948807533341,observed,6274.58184901499,168.000000000022,795.023581333985,653.666004904115,963.438664480241
Connecticut,2020-06-11,445.6,392.5,507,142.6,130,156,124.6,113.5,135.5,45.7,32,66.5,14.7,12,18.5,0,0,0,42.6,30,56,26,26,26,4146,4146,4146,14.1285212120001,14.1285212120001,14.1285212120001,4125.19984148738,4125.19984148738,4125.19984148738,observed,-25.479959794946,observed,6413.57837217056,113.999999999985,780.258578023293,634.358065766643,951.958648841665
Connecticut,2020-06-12,420.5,368.5,477.5,134.5,122,147,117.6,107,128,41.6,29.5,61,13.4,11,17.5,0,0,0,34.5,22,47,13,13,13,4159,4159,4159,13.28494230247,13.28494230247,13.28494230247,4138.48478378985,4138.48478378985,4138.48478378985,observed,-25.1579191874601,observed,6564.35789336261,227.999999999985,764.752694833813,615.741117120429,945.357462442538
Connecticut,2020-06-13,400.2,350,457,127.7,116,140.5,111.7,102,122,42.4,29.5,66.5,13.1,10.5,16,0,0,0,27.7,16,40.5,27,27,27,4186,4186,4186,12.5138189351601,12.5138189351601,12.5138189351601,4150.99860272501,4150.99860272501,4150.99860272501,observed,-24.7269034009184,observed,6705.84381754475,305.000000000007,747.478885724768,592.700616823358,940.821802421554
Connecticut,2020-06-14,379.1,328.5,433,120.2,109,132.5,105.1,96,114.5,37.8,26,58.5,12.1,10,15,0,0,0,20.2,9,32.5,15,15,15,4201,4201,4201,11.8142514043902,11.8142514043902,11.8142514043902,4162.8128541294,4162.8128541294,4162.8128541294,observed,-24.2139536646128,observed,6817.89952837993,94.0000000000218,730.584530309364,570.932909466023,930.996056870837
Connecticut,2020-06-15,359,311.5,411.5,113.7,103,126,99.6,91,110,38.3,26.5,59.5,11.8,9.5,15,0,0,0,13.7,3,26,3,3,3,4204,4204,4204,11.1847871182099,11.1847871182099,11.1847871182099,4173.99764124761,4173.99764124761,4173.99764124761,observed,-23.6452970281225,observed,6885.67652360958,146.999999999971,714.821319725852,552.014296862274,920.758717262628
Connecticut,2020-06-16,343.4,298.5,399,108.6,98.5,121,95.3,87,105,37.6,25,58.5,11.8,9.5,15,0,0,0,8.6,0,21,6,6,6,4210,4210,4210,10.6236465013999,10.6236465013999,10.6236465013999,4184.62128774901,4184.62128774901,4184.62128774901,observed,-23.0384196303498,observed,6902.971729413,114.000000000015,700.265106140143,533.955407195864,914.990480352624
Connecticut,2020-06-17,330.9,287.5,384.5,103.8,93.5,115,91.2,83,101,37.8,26,56.5,11.5,9.5,14.5,0,0,0,3.8,0,15,9,9,9,4219,4219,4219,10.1289240494207,10.1289240494207,10.1289240494207,4194.75021179843,4194.75021179843,4194.75021179843,observed,-22.4184114192048,observed,6873.22860971508,79.9999999999854,688.253628257149,518.118329782807,910.735431599512
Connecticut,2020-06-18,316.3,274.5,368,99.2,89,111,87.3,79,96.5,33.6,22.5,51,10.6,8.5,14,0,0,0,0,0,11,7,7,7,4226,4226,4226,9.69876686751923,9.69876686751923,9.69876686751923,4204.44897866595,4204.44897866595,4204.44897866595,observed,-21.8244564636316,observed,6807.64278056641,11.0000000000218,678.625885790201,502.070406751474,908.815241532947
Connecticut,2020-06-19,304.6,262,359.5,95,85.5,106,83.7,75.5,92.5,33.4,22.5,53,10.6,8.5,14,0,0,0,0,0,6,12,12,12,4238,4238,4238,9.33153540615058,9.33153540615058,9.33153540615058,4213.7805140721,4213.7805140721,4213.7805140721,observed,-21.3068268489418,observed,6721.28409269886,116.999999999985,669.346862820343,489.336835708178,908.575955257832
Connecticut,2020-06-20,293.5,253.5,344,92,82.5,102.5,81.2,73,90,33.4,22.5,52,10.5,8.5,13.5,0,0,0,0,0,2.5,13,13,13,4251,4251,4251,9.02595231067971,9.02595231067971,9.02595231067971,4222.80646638278,4222.80646638278,4222.80646638278,observed,-20.9165450855888,observed,6628.90198654303,158,659.508613268966,475.0534412598,906.291470273165
Connecticut,2020-06-21,286.6,247.5,335.5,89.1,80,100,78.8,71,88,33.7,23.5,53,10.3,8.5,13,0,0,0,0,0,0,9,9,9,4260,4260,4260,8.78124642958028,8.78124642958028,8.78124642958028,4231.58771281236,4231.58771281236,4231.58771281236,observed,-20.68873780438,observed,6541.7948582141,40.0000000000073,649.215068066552,462.76236857709,902.805547143821
Connecticut,2020-06-22,279.2,240.5,328,86.4,77.5,97,76.6,68.5,85.5,33.5,23,53.5,10.3,8.5,13,0,0,0,0,0,0,3,3,3,4263,4263,4263,8.59613923001962,8.59613923001962,8.59613923001962,4240.18385204238,4240.18385204238,4240.18385204238,observed,-20.6179722074715,observed,6466.24613636493,27,638.082448648181,449.619896363001,897.568585265625
Connecticut,2020-06-23,271.9,234,317.5,83.8,75,94.5,74.2,66.5,83,32.5,20,54,10,7.5,13,0,0,0,0,0,0,14,14,14,4277,4277,4277,8.43268533047012,8.43268533047012,8.43268533047012,4248.61653737285,4248.61653737285,4248.61653737285,observed,-20.6646287053848,observed,6403.50229153531,117,626.115000791383,433.319934782572,892.605487423413
Connecticut,2020-06-24,265.9,225,316,81.9,72.5,93,72.7,65,82,32.8,19.5,54.5,9.8,7.5,13,0,0,0,0,0,0,10,10,10,4287,4287,4287,8.27233980537039,8.27233980537039,8.27233980537039,4256.88887717822,4256.88887717822,4256.88887717822,projected,-20.6646287053848,observed,6351.08262127657,13.9999999999782,614.651040357708,419.529016320477,890.330466318665
Connecticut,2020-06-25,261.3,217.5,314.5,80.2,70.5,91,71.3,63,81,30.9,19,49,9.7,7,13,0,0,0,0,0,0,11,11,11,4298,4298,4298,8.11504243159925,8.11504243159925,8.11504243159925,4265.00391960982,4265.00391960982,4265.00391960982,projected,-20.6646287053848,observed,6305.0782907382,81.0000000000146,604.152639979411,409.308583266044,892.895210269815
Connecticut,2020-06-26,256.7,211.5,312,78.5,68,90.5,69.9,60.5,80.5,30.5,18.5,52.5,9.5,7,13,0,0,0,0,0,0,9,9,9,4307,4307,4307,7.96073430132037,7.96073430132037,7.96073430132037,4272.96465391114,4272.96465391114,4272.96465391114,projected,-20.6646287053848,projected,6361.88079786195,65.0000000000073,592.167858471888,396.985547384957,891.869687118381
Connecticut,2020-06-27,251.7,203.5,310.5,76.8,65.5,90.5,68.4,58.5,81,29.9,18,51,9.4,6.5,13,0,0,0,0,0,0,4,4,4,4311,4311,4311,7.80935778711046,7.80935778711046,7.80935778711046,4280.77401169825,4280.77401169825,4280.77401169825,projected,-20.6646287053848,projected,6418.68330498573,147.000000000007,578.683331013908,383.176660879538,887.205471777357
Connecticut,2020-06-28,246,191.5,308,75.1,62,90.5,66.9,55,80.5,29.5,16.5,49.5,9,6.5,12.5,0,0,0,0,0,0,7.73846891539527,6.4618665014335,9.24893338858199,4288.51248061365,4287.23587819968,4290.02294508683,7.73846891539527,6.4618665014335,9.24893338858199,4288.51248061365,4287.23587819968,4290.02294508683,projected,-20.6646287053848,projected,6475.48581210948,,565.276354522494,369.820444541983,881.327722657472
Connecticut,2020-06-29,240.4,183.5,304.5,73.4,60,89.5,65.3,53.5,79.5,28.7,16.5,47.5,8.9,6,13,0,0,0,0,0,0,7.57982971025606,6.23308567677816,9.18618535719618,4296.0923103239,4293.47357122517,4299.20768950038,7.57982971025606,6.23308567677816,9.18618535719618,4296.0923103239,4293.47357122517,4299.20768950038,projected,-20.6646287053848,projected,6532.28831923326,,551.852573271992,356.566347859893,870.069478631776
Connecticut,2020-06-30,234.8,176,298.5,72,58.5,88.5,64.1,50.5,79.5,27.6,16,46.5,8.7,6,12.5,0,0,0,0,0,0,7.41415728711994,6.0533871556499,9.09748470779207,4303.50646761102,4299.4772578093,4308.33012229471,7.41415728711994,6.0533871556499,9.09748470779207,4303.50646761102,4299.4772578093,4308.33012229471,projected,-20.6646287053848,projected,6589.09082635701,,538.365481507454,343.585327315331,862.993457014672
Connecticut,2020-07-01,229,168.5,295.5,70.5,56,88,62.7,49.5,79,27.7,15.5,47,8.6,5.5,12.5,0,0,0,0,0,0,7.24770272514579,5.87225436187243,8.99445467793998,4310.75417033617,4305.35465766866,4317.33625964111,7.24770272514579,5.87225436187243,8.99445467793998,4310.75417033617,4305.35465766866,4317.33625964111,projected,-20.6646287053848,projected,6645.89333348079,,525.292779185831,329.625915230054,848.680077919655
Connecticut,2020-07-02,225.1,165.5,293,69.1,54,87.5,61.5,48,78,27.5,15,48,8.4,5.5,12,0,0,0,0,0,0,7.08494876627434,5.69442085918383,8.91701962435734,4317.83911910244,4311.09365236581,4326.22554426937,7.08494876627434,5.69442085918383,8.91701962435734,4317.83911910244,4311.09365236581,4326.22554426937,projected,-20.6646287053848,projected,6702.69584060457,,512.680628140219,316.284823024936,832.754683336522
Connecticut,2020-07-03,220.7,160,293,67.7,52.5,86,60.3,46.5,77,26.7,14.5,47.5,8.2,5.5,12,0,0,0,0,0,0,6.93299624029272,5.48219713605533,8.88451278018012,4324.77211534273,4316.54677266304,4335.12121860932,6.93299624029272,5.48219713605533,8.88451278018012,4324.77211534273,4316.54677266304,4335.12121860932,projected,-20.6646287053848,projected,6759.49834772832,,499.642478183558,305.342913757567,818.076154806279
Connecticut,2020-07-04,216.7,154.5,290.5,66.6,51,86.5,59.4,45,77.5,26.2,14,46.5,8.2,5,12.5,0,0,0,0,0,0,6.79825897791251,5.29027255409655,8.81853332414816,4331.57037432065,4321.91995660955,4343.73627662191,6.79825897791251,5.29027255409655,8.81853332414816,4331.57037432065,4321.91995660955,4343.73627662191,projected,-20.3727462387463,projected,6816.3008548521,,487.074005463744,295.397863862896,802.70055348007
Connecticut,2020-07-05,212.7,152.5,292,65.6,49,87,58.5,43.5,77.5,26,14,47,8,5,12.5,0,0,0,0,0,0,6.68314307927541,5.1355874891341,8.80223318874648,4338.25351739992,4327.15982555794,4352.59693288041,6.68314307927541,5.1355874891341,8.80223318874648,4338.25351739992,4327.15982555794,4352.59693288041,projected,-20.0794790910228,projected,6873.10336197585,,475.399449721634,286.256767623941,787.490131216729
Connecticut,2020-07-06,209,147,292,64.5,48,86.5,57.5,42.5,77.5,25.5,13.5,45.5,7.9,5,12,0,0,0,0,0,0,6.57559701269974,4.97788644572654,8.76302940041546,4344.82911441262,4332.20766152285,4361.13104941947,6.57559701269974,4.97788644572654,8.76302940041546,4344.82911441262,4332.20766152285,4361.13104941947,projected,-19.7851560709248,projected,6929.90586909963,,463.75983100378,276.740009060292,771.385478863516
Connecticut,2020-07-07,206,142.5,293.5,63.4,45.5,86.5,56.6,40.5,77,25.1,12.5,45.5,7.7,4.5,12,0,0,0,0,0,0,6.47597812313369,4.84154644204136,8.73603466032139,4351.30509253576,4337.11357117554,4369.73627285996,6.47597812313369,4.84154644204136,8.73603466032139,4351.30509253576,4337.11357117554,4369.73627285996,projected,-19.4900856961406,projected,6986.70837622338,,452.202116159509,267.097530144441,753.959772623412
Connecticut,2020-07-08,202.3,136,288,62.2,43.5,87.5,55.5,39,78.5,24.3,12,45,7.6,4.5,11.5,0,0,0,0,0,0,6.37784735812287,4.69323584687415,8.74101544840096,4357.68293989388,4341.73591816177,4378.85270010084,6.37784735812287,4.69323584687415,8.74101544840096,4357.68293989388,4341.73591816177,4378.85270010084,projected,-19.1945788690265,projected,7043.51088334716,,441.125149227726,257.968128385022,742.073738176934
Connecticut,2020-07-09,198.4,131.5,286.5,61,43,87.5,54.4,38,77.5,24,12,44.5,7.4,4.5,12,0,0,0,0,0,0,6.2753992748997,4.55470786015371,8.69128625772525,4363.95833916878,4346.4822502853,4387.73617326129,6.2753992748997,4.55470786015371,8.69128625772525,4363.95833916878,4346.4822502853,4387.73617326129,projected,-18.8989150618005,projected,7100.31339047094,,430.588161790991,249.362483851146,726.225859142339
Connecticut,2020-07-10,194.8,129,292,59.7,41,87,53.3,36.5,77,23.5,11.5,46,7.2,4,11.5,0,0,0,0,0,0,6.16904412631135,4.40230658243315,8.62495591559086,4370.12738329509,4350.92047902634,4396.38963824769,6.16904412631135,4.40230658243315,8.62495591559086,4370.12738329509,4350.92047902634,4396.38963824769,projected,-18.6032427785209,projected,7157.11589759469,,419.939473467632,240.874867903069,705.408527532359
Connecticut,2020-07-11,191.2,124.5,288,58.6,39,86,52.3,35,76.5,22.9,11,44,7.1,4,11.5,0,0,0,0,0,0,6.06174384971611,4.2537531957486,8.62338798355164,4376.18912714481,4355.31344188339,4404.94366484422,6.06174384971611,4.2537531957486,8.62338798355164,4376.18912714481,4355.31344188339,4404.94366484422,projected,-18.3076776431071,projected,7213.91840471847,,409.162167644849,232.487838504545,693.539274017082
Connecticut,2020-07-12,187.3,122,286.1,57.3,38,85.5,51.2,33.5,76,22.5,11,43.5,6.9,4,11.5,0,0,0,0,0,0,5.95160176595604,4.12834401350062,8.64996178625647,4382.14072891076,4359.57524783009,4413.04662870815,5.95160176595604,4.12834401350062,8.64996178625647,4382.14072891076,4359.57524783009,4413.04662870815,projected,-18.0123350612497,projected,7270.72091184222,,398.565496342323,224.679326082102,684.976989752264
Connecticut,2020-07-13,183.6,118.5,282,56.1,37,85.5,50.1,32.5,74.5,22.2,10,42.5,6.7,4,11.5,0,0,0,0,0,0,5.83663294064365,3.99235675982914,8.6415718920904,4387.97736185141,4363.5513159176,4421.25322449008,5.83663294064365,3.99235675982914,8.6415718920904,4387.97736185141,4363.5513159176,4421.25322449008,projected,-17.7173300361336,projected,7327.523418966,,388.143150724114,216.963341955165,676.164041294972
Connecticut,2020-07-14,179.4,114.5,278.1,54.9,35.5,84.5,49,31.5,74.5,21.4,9.5,42.5,6.6,3.5,11.5,0,0,0,0,0,0,5.71829742277769,3.85505610803955,8.59724449419291,4393.69565927418,4367.40398394306,4430.37239919916,5.71829742277769,3.85505610803955,8.59724449419291,4393.69565927418,4367.40398394306,4430.37239919916,projected,-17.4227769857069,projected,7384.32592608975,,377.892096217596,209.009261230007,660.393870818871
Connecticut,2020-07-15,175.8,110.5,279,53.7,35,83.5,47.9,30.5,74.5,21,9.5,41.5,6.5,3.5,11,0,0,0,0,0,0,5.59626128143736,3.72230272432384,8.60096705734072,4399.29192055562,4371.15487777336,4438.39049714116,5.59626128143736,3.72230272432384,8.60096705734072,4399.29192055562,4371.15487777336,4438.39049714116,projected,-17.1287895621246,projected,7441.12843321353,,368.078904351274,201.85955051193,642.269290841208
Connecticut,2020-07-16,171.7,104.5,275,52.6,33,82.5,46.9,29,73,20.3,9,39,6.3,3,11,0,0,0,0,0,0,5.46876896326354,3.59317842400826,8.53793193655103,4404.76068951888,4374.79625384402,4446.55081921008,5.46876896326354,3.59317842400826,8.53793193655103,4404.76068951888,4374.79625384402,4446.55081921008,projected,-16.8354804739788,projected,7497.93094033732,,358.7420175701,195.1279380708,630.601705680171
Connecticut,2020-07-17,167.7,103,268.6,51.4,32,81,45.8,28.5,71.5,19.9,8.5,39,6.2,3.5,10.5,0,0,0,0,0,0,5.33929677396078,3.46677576609761,8.41688714878546,4410.09998629284,4378.36504959029,4454.55620236387,5.33929677396078,3.46677576609761,8.41688714878546,4410.09998629284,4378.36504959029,4454.55620236387,projected,-16.54296131191,projected,7554.73344746106,,349.412341542803,188.531958090607,618.842564053507
Connecticut,2020-07-18,163.5,96.5,266,50.2,31,80.5,44.8,27.5,71.5,19,8.5,38,6,3,10.5,0,0,0,0,0,0,5.21168434214595,3.34668596685701,8.29170669494106,4415.31167063499,4381.82527765182,4462.3817063004,5.21168434214595,3.34668596685701,8.29170669494106,4415.31167063499,4381.82527765182,4462.3817063004,projected,-16.2513423781778,projected,7611.53595458485,,340.065668974273,182.422950112261,606.615212501062
Connecticut,2020-07-19,159.2,93,259,49.1,29.5,78.5,43.8,26.5,71,18.6,8.5,38.5,5.9,3,10,0,0,0,0,0,0,5.08492698227623,3.2271345453114,8.14126462897709,4420.39659761727,4385.17649894343,4470.08553421351,5.08492698227623,3.2271345453114,8.14126462897709,4420.39659761727,4385.17649894343,4470.08553421351,projected,-15.9607325207365,projected,7668.33846170859,,330.914433608213,175.805370155256,592.746810865204
Connecticut,2020-07-20,155,91,260.1,47.9,29.5,78,42.7,26,69.5,18.2,7.5,37.5,5.7,3,10,0,0,0,0,0,0,4.95957535532089,3.11233067653304,7.96011122356224,4425.35617297259,4388.27641771968,4477.65593788933,4.95957535532089,3.11233067653304,7.96011122356224,4425.35617297259,4388.27641771968,4477.65593788933,projected,-15.6712389723456,projected,7725.14096883238,,321.959318953129,169.883568408596,581.727628946339
Connecticut,2020-07-21,151.4,86,254.5,46.8,28,77,41.6,25,68,18.1,7.5,38,5.5,3,10,0,0,0,0,0,0,4.83749750548354,3.00892813837486,7.84211677864184,4430.19367047807,4391.2181597508,4485.09443373226,4.83749750548354,3.00892813837486,7.84211677864184,4430.19367047807,4391.2181597508,4485.09443373226,projected,-15.3829671951986,projected,7781.94347595612,,313.212706306086,164.152177578153,571.344068545185
Connecticut,2020-07-22,147.5,84,251.6,45.6,27.5,75,40.6,24.5,66.5,17.5,7,36,5.4,3,9.5,0,0,0,0,0,0,4.71831854476162,2.90361646222896,7.71153692986027,4434.91198902283,4394.02403968621,4492.8541696173,4.71831854476162,2.90361646222896,7.71153692986027,4434.91198902283,4394.02403968621,4492.8541696173,projected,-15.0960207315423,projected,7838.7459830799,,304.871118267683,158.772791213111,562.574777807598
Connecticut,2020-07-23,144.3,82,248.5,44.5,26.5,73.5,39.6,23.5,66,17.3,7,36.5,5.3,2.5,9.5,0,0,0,0,0,0,4.60128835813498,2.80289532732543,7.58432082526299,4439.51327738097,4396.72921512758,4500.97325873148,4.60128835813498,2.80289532732543,7.58432082526299,4439.51327738097,4396.72921512758,4500.97325873148,projected,-14.8105010607018,projected,7895.54849020369,,296.987370837946,153.915006978111,551.983652127092
Connecticut,2020-07-24,140.7,78,245.5,43.4,26,72.5,38.7,23,64.5,16.7,6,36,5.2,2.5,9.5,0,0,0,0,0,0,4.48807227602172,2.70758482562348,7.43087261892547,4444.00134965699,4399.34347814823,4509.00624990502,4.48807227602172,2.70758482562348,7.43087261892547,4444.00134965699,4399.34347814823,4509.00624990502,projected,-14.5265074629091,projected,7952.35099732743,,289.268276640795,149.426741389791,539.104932034493
Connecticut,2020-07-25,137.6,75,236,42.3,24.5,71.5,37.7,21.5,63,16.2,6.5,35,5,2.5,8.5,0,0,0,0,0,0,4.37889547328496,2.61610926517262,7.29346506443319,4448.38024513027,4401.93792363697,4516.95850032687,4.37889547328496,2.61610926517262,7.29346506443319,4448.38024513027,4401.93792363697,4516.95850032687,projected,-14.2441368902822,projected,8009.15350445122,,281.711555584595,144.756165462546,531.048532748222
Connecticut,2020-07-26,134.9,72.5,230,41.4,23,69,36.9,20.5,62.5,16.3,5.5,34,4.9,2,9,0,0,0,0,0,0,4.27181467182907,2.52753977384923,7.14828630649308,4452.6520598021,4404.54750754535,4524.82440709897,4.27181467182907,2.52753977384923,7.14828630649308,4452.6520598021,4404.54750754535,4524.82440709897,projected,-13.9634838452661,projected,8065.95601157496,,274.466919589483,140.508393504866,523.29680761738
Connecticut,2020-07-27,131.8,69,227.5,40.4,22,68,36,19.5,60,15.4,5.5,34,4.8,2,9,0,0,0,0,0,0,4.16629016388095,2.44163995183501,7.01995341956817,4456.81834996599,4407.13054717475,4532.59916854872,4.16629016388095,2.44163995183501,7.01995341956817,4456.81834996599,4407.13054717475,4532.59916854872,projected,-13.6846402668105,projected,8122.75851869875,,267.526032525952,135.964622709434,515.438291892724
Connecticut,2020-07-28,128.6,68,226.5,39.4,20.5,65.5,35.1,18.5,59.5,15.2,5.5,33.5,4.7,2,8.5,0,0,0,0,0,0,4.06241963726388,2.35668065785285,6.8920187533856,4460.88076960325,4409.50702323276,4540.28361856751,4.06241963726388,2.35668065785285,6.8920187533856,4460.88076960325,4409.50702323276,4540.28361856751,projected,-13.407695424515,projected,8179.56102582249,,260.855045030926,131.82217119945,507.044571526919
Connecticut,2020-07-29,125.4,65,218,38.4,20.5,65,34.2,18,58,14.6,5,32,4.5,2,8.5,0,0,0,0,0,0,3.95978268839317,2.27462423352361,6.74904715149023,4464.84055229164,4411.80461892015,4547.52857013525,3.95978268839317,2.27462423352361,6.74904715149023,4464.84055229164,4411.80461892015,4547.52857013525,projected,-13.1327358209254,projected,8236.36353294628,,254.543582680555,127.913327077893,500.328973554028
Connecticut,2020-07-30,122.2,61.5,213.5,37.4,20,64.5,33.4,18,57.5,14.4,5,32,4.4,2,8.5,0,0,0,0,0,0,3.85780111416843,2.19486144570005,6.57399970570987,4468.69835340581,4414.02429492934,4554.04528929188,3.85780111416843,2.19486144570005,6.57399970570987,4468.69835340581,4414.02429492934,4554.04528929188,projected,-12.8598451021401,projected,8293.16604007006,,248.614057190941,124.374113472342,493.925039495854
Connecticut,2020-07-31,118.9,60.5,208.5,36.4,19.5,63.5,32.5,17,56.5,13.7,5,30.5,4.3,2,8,0,0,0,0,0,0,3.75750077164525,2.11847190549374,6.46427233021229,4472.45585417746,4416.16587074254,4560.39329738715,3.75750077164525,2.11847190549374,6.46427233021229,4472.45585417746,4416.16587074254,4560.39329738715,projected,-12.589103976821,projected,8349.9685471938,,242.849732539479,120.672725958959,487.535792165273
Connecticut,2020-08-01,115.8,58.5,207,35.4,19,61.5,31.5,17,55,13.5,5,31,4.1,2,8,0,0,0,0,0,0,3.66005914442255,2.0453754665645,6.34496579683992,4476.11591332188,4418.21365465787,4566.54649520902,3.66005914442255,2.0453754665645,6.34496579683992,4476.11591332188,4418.21365465787,4566.54649520902,projected,-12.3205901436917,projected,8406.77105431759,,237.20599463083,116.912217867898,481.081969847635
Connecticut,2020-08-02,112.2,57,202.5,34.4,18.5,61,30.7,16.5,54.5,12.9,5,30,4.1,2,8,0,0,0,0,0,0,3.56514831781835,1.97939496709421,6.21995480557357,4479.6810616397,4420.20258539777,4572.53484227641,3.56514831781835,1.97939496709421,6.21995480557357,4479.6810616397,4420.20258539777,4572.53484227641,projected,-12.0543782275374,projected,8463.57356144134,,231.754354996515,113.34509516008,472.796378695278
Connecticut,2020-08-03,109.1,56,198.1,33.5,18.5,58.5,29.9,16.5,53.5,12.6,4,31.5,3.9,2,8,0,0,0,0,0,0,3.472252700808,1.91039856330522,6.15204566483526,4483.1533143405,4422.13671289397,4578.35409088634,3.472252700808,1.91039856330522,6.15204566483526,4483.1533143405,4422.13671289397,4578.35409088634,projected,-11.7905397237037,projected,8520.37606856512,,226.487041926904,110.20108314727,464.586179018789
Connecticut,2020-08-04,106.1,54.5,193.5,32.7,18,58,29.1,16.5,52.5,12.6,4.5,31,3.8,2,7.5,0,0,0,0,0,0,3.38134376541776,1.84489618805655,6.07809762872737,4486.53465810592,4424.01747105418,4584.00426165465,3.38134376541776,1.84489618805655,6.07809762872737,4486.53465810592,4424.01747105418,4584.00426165465,projected,-11.5291429510477,projected,8577.17857568887,,221.396066483702,106.516331946361,456.273409242357
Connecticut,2020-08-05,103.2,52.5,189.1,31.8,17.5,57,28.4,15.5,50.5,12,4,28,3.7,2,7,0,0,0,0,0,0,3.29204728110364,1.78120073852836,5.99066438926475,4489.82670538703,4425.8460579081,4588.87455266921,3.29204728110364,1.78120073852836,5.99066438926475,4489.82670538703,4425.8460579081,4588.87455266921,projected,-11.2702530132564,projected,8633.98108281265,,216.545767722525,103.341932533518,448.133971042465
Connecticut,2020-08-06,100.2,50,186,31,16.5,55.5,27.6,15,50,11.6,4,27,3.7,1.5,7.5,0,0,0,0,0,0,3.20389653331,1.73040168702596,5.89963136410595,4493.03060192034,4427.62100996392,4593.57291935704,3.20389653331,1.73040168702596,5.89963136410595,4493.03060192034,4427.62100996392,4593.57291935704,projected,-11.0139317684162,projected,8690.78358993643,,211.959649178109,100.100134108879,440.548168410081
Connecticut,2020-08-07,97.6,48,183,30.2,16,55.5,26.9,14.5,49.5,11.4,3.5,26.5,3.6,1.5,7.5,0,0,0,0,0,0,3.11756311274199,1.6703332743341,5.77239673409526,4496.14816503308,4429.32699689026,4598.07647869275,3.11756311274199,1.6703332743341,5.77239673409526,4496.14816503308,4429.32699689026,4598.07647869275,projected,-10.7602378066917,projected,8747.58609706018,,207.523309366873,97.2989066020003,433.165956797264
Connecticut,2020-08-08,95.1,46,179,29.4,15.5,54.5,26.2,14,48.5,11.3,3,27,3.5,1,7,0,0,0,0,0,0,3.03385411388374,1.62310424609084,5.64084405178814,4499.18201914696,4430.97815964697,4602.37674119316,3.03385411388374,1.62310424609084,5.64084405178814,4499.18201914696,4430.97815964697,4602.37674119316,projected,-10.5092264359321,projected,8804.38860418396,,203.203482135718,94.2904627382173,425.915242332593
Connecticut,2020-08-09,93,43,179,28.7,15,53.5,25.5,13,47.5,11.1,3,26.5,3.4,1,7,0,0,0,0,0,0,2.9529046834383,1.57057473542802,5.54267910009696,4502.1349238304,4432.70636802019,4606.50102176568,2.9529046834383,1.57057473542802,5.54267910009696,4502.1349238304,4432.70636802019,4606.50102176568,projected,-10.2609496750011,projected,8861.19111130771,,199.033208012321,91.2419136599288,420.816153869638
Connecticut,2020-08-10,90.7,38.5,175.6,27.9,13.5,52,24.8,11.5,46,10.6,3,26.5,3.3,1,6.5,0,0,0,0,0,0,2.87481117283626,1.51598841175705,5.44838288971109,4505.00973500324,4434.31004306919,4611.83469242732,2.87481117283626,1.51598841175705,5.44838288971109,4505.00973500324,4434.31004306919,4611.83469242732,projected,-10.0154562546043,projected,8917.99361843149,,195.005741019371,88.3363111063489,416.427816091839
Connecticut,2020-08-11,88,34.5,168,27.2,12.5,51.5,24.2,11,45.5,10.2,3,24.5,3.2,1,7,0,0,0,0,0,0,2.79966376644823,1.46534800142083,5.33287657509172,4507.80939876968,4435.87479509104,4615.57296467241,2.79966376644823,1.46534800142083,5.33287657509172,4507.80939876968,4435.87479509104,4615.57296467241,projected,-9.77279162535994,projected,8974.79612555524,,191.114488080767,86.7391016260255,412.119307831977
Connecticut,2020-08-12,85.7,34,164.5,26.5,11.5,50,23.6,10,44.5,10.1,2,25,3.2,1,7,0,0,0,0,0,0,2.72728591627353,1.416069953851,5.20843104515693,4510.53668468596,4437.40158049163,4619.3881488866,2.72728591627353,1.416069953851,5.20843104515693,4510.53668468596,4437.40158049163,4619.3881488866,projected,-9.53299797284273,projected,9031.59863267902,,187.387517031512,84.5608949259622,406.895268085063
Connecticut,2020-08-13,83.6,32.5,163.5,25.9,11,49.5,23,9.5,43.5,9.7,2,26,3.1,1,6.5,0,0,0,0,0,0,2.65733241608273,1.36840657183056,5.09463828608787,4513.19401710204,4438.89198514714,4624.09410609617,2.65733241608273,1.36840657183056,5.09463828608787,4513.19401710204,4438.89198514714,4624.09410609617,projected,-9.2961142393043,projected,9088.4011398028,,183.848365075149,81.9206685705925,401.685383776668
Connecticut,2020-08-14,81.7,31,162,25.2,10.5,48.5,22.4,9,42.5,9.7,2,26,3,1,6.5,0,0,0,0,0,0,2.59022669498695,1.32358297940111,5.00139338033762,4515.78424379703,4440.34699188088,4628.69709027649,2.59022669498695,1.32358297940111,5.00139338033762,4515.78424379703,4440.34699188088,4628.69709027649,projected,-9.06217615177504,projected,9145.20364692655,,180.454488733387,80.276346582768,395.844069554924
Connecticut,2020-08-15,79.8,30.5,157.5,24.6,10.5,47.5,21.8,9,42,9.7,2,25,2.9,1,6,0,0,0,0,0,0,2.52648213394692,1.27640679067215,4.9126427297206,4518.31072593097,4441.76751032127,4633.1748764914,2.52648213394692,1.27640679067215,4.9126427297206,4518.31072593097,4441.76751032127,4633.1748764914,projected,-6.4779095577062,projected,9202.00615405033,,179.768556437009,79.5738082946278,393.983329968643
Connecticut,2020-08-16,77.7,29.5,152.5,23.9,10,47.5,21.2,8.5,41,9.1,2,24,2.9,1,6.5,0,0,0,0,0,0,2.46580675383257,1.234183737691,4.85777227083979,4520.77653268481,4443.15548818462,4637.39635176597,2.46580675383257,1.234183737691,4.85777227083979,4520.77653268481,4443.15548818462,4637.39635176597,projected,-6.20462446295283,projected,9258.80866117408,,179.29917260725,78.9372342225746,392.522424346732
Connecticut,2020-08-17,75.9,29,148.5,23.3,9.5,47,20.7,8.5,40,9,2,24.5,2.8,1,6,0,0,0,0,0,0,2.40759147248714,1.19656325206852,4.80085991820154,4523.18412415729,4444.51296706495,4641.98155489942,2.40759147248714,1.19656325206852,4.80085991820154,4523.18412415729,4444.51296706495,4641.98155489942,projected,-5.93497662555623,projected,9315.61116829786,,176.595959762221,77.239596917259,387.337636142282
Connecticut,2020-08-18,74.3,27.5,148.5,22.8,9.5,46,20.2,8.5,40,8.8,2,23,2.7,1,6,0,0,0,0,0,0,2.35148759273987,1.1584871412721,4.72206659228389,4525.53561175003,4445.84089211013,4646.38150310938,2.35148759273987,1.1584871412721,4.72206659228389,4525.53561175003,4445.84089211013,4646.38150310938,projected,-5.66899393509569,projected,9372.41367542161,,174.129154157429,75.6777075831313,382.71836765745
Connecticut,2020-08-19,72.4,28,146.6,22.2,9,44.5,19.7,8,39.5,8.4,2,22,2.6,1,6,0,0,0,0,0,0,2.29727963425949,1.12288181820445,4.65930556107028,4527.83289138429,4447.13997954294,4650.45138543257,2.29727963425949,1.12288181820445,4.65930556107028,4527.83289138429,4447.13997954294,4650.45138543257,projected,-5.40670069578584,projected,9429.21618254539,,171.83706796974,74.2232498120866,378.90882661381
Connecticut,2020-08-20,70.6,27,146,21.7,9,43.5,19.3,8,39,8.1,2,23,2.6,1,6,0,0,0,0,0,0,2.24467661000765,1.08722469832419,4.58227044602063,4530.0775679943,4448.41131391636,4654.48004882323,2.24467661000765,1.08722469832419,4.58227044602063,4530.0775679943,4448.41131391636,4654.48004882323,projected,-5.14811769761213,projected,9486.01868966918,,169.705896600731,72.9292985128472,376.778261084214
Connecticut,2020-08-21,69.1,27,143,21.2,9,43,18.8,8,38.5,8.4,2,22.5,2.5,1,5.5,0,0,0,0,0,0,2.19384935934603,1.05398728625887,4.49900362286007,4532.27141735365,4449.65593067358,4658.4834989293,2.19384935934603,1.05398728625887,4.49900362286007,4532.27141735365,4449.65593067358,4658.4834989293,projected,-4.8932622922456,projected,9542.82119679292,,167.730499445529,71.8137780935154,374.853621283523
Connecticut,2020-08-22,67.2,25.5,142.5,20.7,8.5,42.5,18.4,8,37.5,7.9,2,21.5,2.5,1,5.5,0,0,0,0,0,0,2.14507819682666,1.02097039255975,4.41788480598916,4534.41649555047,4450.87481031808,4662.39272132864,2.14507819682666,1.02097039255975,4.41788480598916,4534.41649555047,4450.87481031808,4662.39272132864,projected,-4.64214847331157,projected,9599.6237039167,,165.868438445309,70.3981104968349,372.102857845114
Connecticut,2020-08-23,65.7,25,140.5,20.3,8.5,41.5,18,7.5,37.5,7.8,2,22.5,2.4,1,5.5,0,0,0,0,0,0,2.09829351773086,0.989010666398076,4.3403676200651,4536.5147890682,4452.06926192609,4666.07777782334,2.09829351773086,0.989010666398076,4.3403676200651,4536.5147890682,4452.06926192609,4666.07777782334,projected,-4.39478696060166,projected,9656.42621104045,,164.088269173282,69.2481888750102,368.917195770331
Connecticut,2020-08-24,64.2,25,139,19.9,8.5,41,17.7,7.5,37,7.7,2,22,2.4,1,5.5,0,0,0,0,0,0,2.05334226493406,0.960182167945004,4.27647972833802,4538.56813133314,4453.2407217002,4669.97680863783,2.05334226493406,0.960182167945004,4.27647972833802,4538.56813133314,4453.2407217002,4669.97680863783,projected,-4.15118528781144,projected,9713.22871816423,,162.385164460883,67.8386164136347,367.746573153848
Connecticut,2020-08-25,62.7,24.5,137,19.4,8.5,40.5,17.3,7.5,36.5,7.4,2,20,2.3,1,5,0,0,0,0,0,0,2.01014436790902,0.932216302505503,4.21824871976823,4540.57827570105,4454.15514341214,4674.41032499118,2.01014436790902,0.932216302505503,4.21824871976823,4540.57827570105,4454.15514341214,4674.41032499118,projected,-3.91134789339975,projected,9770.03122528798,,160.755074208649,66.3819161658874,366.858194615645
Connecticut,2020-08-26,61.5,24.5,133.5,19,8,39.5,16.9,7.5,36.5,7.4,2,21.5,2.3,1,5.5,0,0,0,0,0,0,1.96851798147395,0.905454562415025,4.15975517690013,4542.54679368252,4455.01752766542,4678.96469650836,1.96851798147395,0.905454562415025,4.15975517690013,4542.54679368252,4455.01752766542,4678.96469650836,projected,-3.67527621417589,projected,9826.83373241176,,159.171114739311,65.5813821036369,365.986319985148
Connecticut,2020-08-27,60.7,24.5,131.5,18.7,8,40,16.7,7.5,36.5,7.5,2,20,2.3,1,5.5,0,0,0,0,0,0,1.92823594818383,0.879714109778206,4.07865952561851,4544.47502963071,4455.85640472017,4683.23699218716,1.92823594818383,0.879714109778206,4.07865952561851,4544.47502963071,4455.85640472017,4683.23699218716,projected,-3.44296878122725,projected,9883.63623953555,,157.654527945157,64.8287119166111,364.960328821908
Connecticut,2020-08-28,59.4,24,129.5,18.3,8,39,16.3,7,35.5,7.3,2,21.5,2.2,1,5,0,0,0,0,0,0,1.88932503236494,0.855106453542885,3.99402618537986,4546.36435466307,4456.67277713829,4687.44404204375,1.88932503236494,0.855106453542885,3.99402618537986,4546.36435466307,4456.67277713829,4687.44404204375,projected,-3.21444082651785,projected,9940.43874665929,,156.271946942044,64.1496167282341,362.303240170272
Connecticut,2020-08-29,58.7,23.5,131,18,8,39,16,7,35.5,7.3,2,22.5,2.2,1,5.5,0,0,0,0,0,0,1.85192076254826,0.83157605852864,3.93817825621706,4548.21627542562,4457.46775356768,4691.44601586616,1.85192076254826,0.83157605852864,3.93817825621706,4548.21627542562,4457.46775356768,4691.44601586616,projected,-2.98985855254495,projected,9997.24125378308,,154.996818308425,63.2354173078551,359.876969034714
Connecticut,2020-08-30,57.9,24,130.5,17.7,8,38.5,15.8,7,35.5,7.1,2,20.5,2.2,1,5,0,0,0,0,0,0,1.8160254907227,0.809069388143803,3.89615244203085,4550.03230091634,4458.24480526782,4693.98225280394,1.8160254907227,0.809069388143803,3.89615244203085,4550.03230091634,4458.24480526782,4693.98225280394,projected,-2.76925030182368,projected,10054.0437609068,,153.782524634112,62.2154691521078,357.570462962333
Connecticut,2020-08-31,57.2,24.5,132.5,17.4,8,38.5,15.6,7,35,7.2,2,20,2.2,1,5,0,0,0,0,0,0,1.78598451220151,0.790408789050161,3.85505666467491,4551.81828542854,4459.00462862915,4696.44822149002,1.78598451220151,0.790408789050161,3.85505666467491,4551.81828542854,4459.00462862915,4696.44822149002,projected,-2.55271584134191,projected,10110.8462680306,,152.62899594875,61.2440860214294,355.417769154825
Connecticut,2020-09-01,56.8,24,133,17.2,7.5,38,15.4,7,35,7.2,2,20.5,2.2,1,5,0,0,0,0,0,0,1.76265266937911,0.775460302072065,3.81545477347768,4553.58093809792,4459.75855197957,4698.84683506268,1.76265266937911,0.775460302072065,3.81545477347768,4553.58093809792,4459.75855197957,4698.84683506268,projected,-2.34022787521648,projected,10167.6487751544,,151.534950137541,60.3192851639818,354.307204215473
Connecticut,2020-09-02,56,23.5,129,17,7.5,38,15.2,7,34.5,6.8,2,20,2.2,1,5.5,0,0,0,0,0,0,1.74207038987569,0.763533122977287,3.77923332808625,4555.3230084878,4460.50731175148,4702.03800712856,1.74207038987569,0.763533122977287,3.77923332808625,4555.3230084878,4460.50731175148,4702.03800712856,projected,-2.13320430761616,projected,10224.4512822781,,150.451273314503,59.6586354428087,353.165038425929
Connecticut,2020-09-03,55.2,24,124.5,16.8,7.5,37.5,15,7,34.5,6.8,2,19.5,2.1,1,5,0,0,0,0,0,0,1.72357764254077,0.751546177107298,3.74402968397583,4557.04658613034,4461.3583530945,4706.7086645257,1.72357764254077,0.751546177107298,3.74402968397583,4557.04658613034,4461.3583530945,4706.7086645257,projected,-1.93340936945102,projected,10281.2537894019,,149.393143986905,58.8320741224103,352.032583304215
Connecticut,2020-09-04,54.6,24,126.5,16.6,7.5,37.5,14.8,7,34.5,6.8,2,20,2.1,1,5,0,0,0,0,0,0,1.70710796660534,0.738486907822289,3.75821024553209,4558.75369409694,4462.34808683811,4711.350573458,1.70710796660534,0.738486907822289,3.75821024553209,4558.75369409694,4462.34808683811,4711.350573458,projected,-1.74219249258512,projected,10338.0562965257,,148.465198837111,58.2494731441722,351.179571995046
Connecticut,2020-09-05,53.9,23.5,125.5,16.4,7.5,37,14.7,7,33.5,6.8,2,19.5,2.1,1,5,0,0,0,0,0,0,1.68770388163936,0.726037944846507,3.76365010605004,4560.44139797858,4463.32719747012,4715.96776849606,1.68770388163936,0.726037944846507,3.76365010605004,4560.44139797858,4463.32719747012,4715.96776849606,projected,-1.55875128698313,projected,10394.8588036494,,147.643731193759,57.6244510375196,350.522404235788
Connecticut,2020-09-06,53.5,23,126,16.2,7.5,37.5,14.5,7,33.5,6.8,2,21,2,1,5,0,0,0,0,0,0,1.66530894152331,0.713971131303424,3.70657833804978,4562.10670692011,4464.30197535044,4719.83111479115,1.66530894152331,0.713971131303424,3.70657833804978,4562.10670692011,4464.30197535044,4719.83111479115,projected,-1.38302405668159,projected,10451.6613107732,,146.864601386531,56.9157411650987,349.917894696817
Connecticut,2020-09-07,52.8,23,125.5,16.1,7.5,37.5,14.4,7,33.5,6.6,2,18.5,2.1,1,5,0,0,0,0,0,0,1.64456080753676,0.695543885878146,3.66934194662783,4563.75126772764,4465.26685503582,4724.36856836359,1.64456080753676,0.695543885878146,3.66934194662783,4563.75126772764,4465.26685503582,4724.36856836359,projected,-1.21725935602421,projected,10508.463817897,,146.126416746368,56.4811485816957,349.365847240668
Connecticut,2020-09-08,52.1,22.5,119,15.9,7.5,37.5,14.3,7,33,6.5,2,20,2,1,5,0,0,0,0,0,0,1.62515454297201,0.680559148383236,3.64879109842043,4565.37642227062,4466.22233068325,4728.99274901106,1.62515454297201,0.680559148383236,3.64879109842043,4565.37642227062,4466.22233068325,4728.99274901106,projected,-1.06228207091461,projected,10565.2663250207,,145.425379649188,56.0570380253717,348.860064841341
Connecticut,2020-09-09,51.8,22.5,121.6,15.7,7.5,37,14.1,7,32.5,6.5,2,19.5,2,1,5,0,0,0,0,0,0,1.60688807455769,0.668957142122576,3.62516609808267,4566.98331034517,4467.09450551286,4733.60794799162,1.60688807455769,0.668957142122576,3.62516609808267,4566.98331034517,4467.09450551286,4733.60794799162,projected,-0.919797873397481,projected,10622.0688321445,,144.691769383065,55.3951747845858,348.240084631334
Connecticut,2020-09-10,51.4,23,123,15.6,7.5,36,14,7,32,6.6,2,19,2,1,5,0,0,0,0,0,0,1.58958565805124,0.657902996204121,3.59451408765656,4568.57289600322,4467.74920610531,4738.20288618022,1.58958565805124,0.657902996204121,3.59451408765656,4568.57289600322,4467.74920610531,4738.20288618022,projected,-0.789900613996918,projected,10678.8713392683,,143.93796414447,54.9359165496659,347.542510988249
Connecticut,2020-09-11,51.1,23,124,15.5,7.5,36,13.9,7,32,6.5,2,20,2,1,5,0,0,0,0,0,0,1.57304101431161,0.647494161268105,3.5710477734066,4570.14593701754,4468.39293070382,4742.13991397051,1.57304101431161,0.647494161268105,3.5710477734066,4570.14593701754,4468.39293070382,4742.13991397051,projected,-0.672731772119424,projected,10735.673846392,,143.305223687629,54.5354058562312,347.476461655472
Connecticut,2020-09-12,50.7,23,122,15.4,7.5,35.5,13.7,7,31.5,6.4,2,18,1.9,1,4.5,0,0,0,0,0,0,1.55716117191463,0.63781597010277,3.56140814885739,4571.70309818945,4469.26047214732,4745.8427456303,1.55716117191463,0.63781597010277,3.56140814885739,4571.70309818945,4469.26047214732,4745.8427456303,projected,-0.568408168645765,projected,10792.4763535158,,142.771842478988,54.1702642576187,347.844893956708
Connecticut,2020-09-13,50.1,23,120.5,15.2,7.5,35.5,13.6,7,31,6.3,2,19.5,1.9,1,5,0,0,0,0,0,0,1.54203894459394,0.628602798433212,3.54258817753882,4573.24513713404,4469.94635433461,4749.11370248545,1.54203894459394,0.628602798433212,3.54258817753882,4573.24513713404,4469.94635433461,4749.11370248545,projected,-0.477390158600351,projected,10849.2788606396,,142.2557181345,53.8216004797607,347.938527242094
Connecticut,2020-09-14,49.8,22.5,118,15.1,7.5,35,13.5,6.5,31,6.4,2,19,1.9,1,5,0,0,0,0,0,0,1.52774843949824,0.619762733877997,3.51421383003396,4574.77288557354,4470.49304418454,4751.88709811636,1.52774843949824,0.619762733877997,3.51421383003396,4574.77288557354,4470.49304418454,4751.88709811636,projected,-0.398626139960193,projected,10906.0813677633,,141.757921869098,53.4844029599219,348.046581027796
Connecticut,2020-09-15,49.5,22.5,117,14.9,7.5,34.5,13.4,6.5,31,6.2,2,18.5,1.9,1,4.5,0,0,0,0,0,0,1.51427820115659,0.61133749266321,3.48642986509922,4576.2871637747,4471.0317140879,4754.61888735497,1.51427820115659,0.61133749266321,3.48642986509922,4576.2871637747,4471.0317140879,4754.61888735497,projected,-0.331205571445737,projected,10962.8838748871,,141.278917462579,53.1583113142522,348.170370644389
Connecticut,2020-09-16,49.1,22.5,115.1,14.8,7,34.5,13.3,6.5,30.5,6.2,2,19,1.9,1,4.5,0,0,0,0,0,0,1.50164430773953,0.603500260228975,3.46561273324948,4577.78880808244,4471.562917001,4757.30187995723,1.50164430773953,0.603500260228975,3.46561273324948,4577.78880808244,4471.562917001,4757.30187995723,projected,-0.273601897100828,projected,11019.6863820109,,140.736042388345,52.777671829483,348.321375098336
Connecticut,2020-09-17,48.5,22,121,14.7,7,35,13.2,6.5,31,6.1,2,21,1.9,1,5,0,0,0,0,0,0,1.48981905382371,0.596164956640519,3.45375086533825,4579.27862713626,4472.08703390301,4759.96095197374,1.48981905382371,0.596164956640519,3.45375086533825,4579.27862713626,4472.08703390301,4759.96095197374,projected,-0.225407402346508,projected,11076.4888891347,,140.142039673822,52.2679088379489,348.311884674372
Connecticut,2020-09-18,48.1,21.5,117.5,14.7,7,34.5,13.2,6.5,30.5,6.1,2,18,1.9,1,5,0,0,0,0,0,0,1.47857335819901,0.589187018761845,3.44224080742356,4580.75720049446,4472.67693378803,4762.6214403159,1.47857335819901,0.589187018761845,3.44224080742356,4580.75720049446,4472.67693378803,4762.6214403159,projected,-0.185176581967613,projected,11133.2913962584,,139.671386311081,51.8092201963766,348.644173799513
Connecticut,2020-09-19,48,22,119.6,14.6,7,34.5,13.1,6.5,31,6.3,2,20.5,1.9,1,4.5,0,0,0,0,0,0,1.46774594288064,0.582558119314194,3.43148492438818,4582.22494643734,4473.43676653301,4765.27988958292,1.46774594288064,0.582558119314194,3.43148492438818,4582.22494643734,4473.43676653301,4765.27988958292,projected,-0.151007543294056,projected,11190.0939033822,,139.308279275485,51.395493635931,349.273814781627
Connecticut,2020-09-20,47.8,22,120,14.4,7,34,13,6.5,31,6.2,2,19,1.9,1,5,0,0,0,0,0,0,1.45745379424099,0.576275488448187,3.4204229853696,4583.68240023158,4474.19211485655,4768.39646458728,1.45745379424099,0.576275488448187,3.4204229853696,4583.68240023158,4474.19211485655,4768.39646458728,projected,-0.122668640677917,projected,11246.8964105059,,138.959681885609,51.0938911039848,349.895776817447
Connecticut,2020-09-21,47.7,21.5,120,14.4,7,33.5,12.9,6.5,31,6.2,2,19.5,1.9,1,4.5,0,0,0,0,0,0,1.44780485771435,0.569773505824332,3.4094550947093,4585.1302050893,4474.94297954203,4772.15577285281,1.44780485771435,0.569773505824332,3.4094550947093,4585.1302050893,4474.94297954203,4772.15577285281,projected,-0.0986054688023064,projected,11303.6989176297,,138.629703026511,50.8549496400636,349.691243651637
Connecticut,2020-09-22,47.4,21,116.6,14.3,7,33.5,12.8,6.5,30,6,2,18,1.9,1,4.5,0,0,0,0,0,0,1.43878910796325,0.562468388538332,3.40119363286067,4586.56899419726,4475.68961405602,4775.87983019091,1.43878910796325,0.562468388538332,3.40119363286067,4586.56899419726,4475.68961405602,4775.87983019091,projected,-0.0791806120470957,projected,11360.5014247535,,138.32018363282,50.6275059384992,349.110287349275
Connecticut,2020-09-23,47.4,22,114,14.2,7,34,12.8,6.5,30,6.2,2,19,1.9,1,4.5,0,0,0,0,0,0,1.43045322515997,0.558119439799589,3.39482892667002,4587.99944742242,4476.43641967421,4779.54356508968,1.43045322515997,0.558119439799589,3.39482892667002,4587.99944742242,4476.43641967421,4779.54356508968,projected,-0.0629614647321296,projected,11417.3039318772,,137.93373181753,50.3782759147929,349.091472413961
Connecticut,2020-09-24,47.2,21.5,114,14.2,7,33,12.8,6.5,30,6,2,19,1.9,1,5.5,0,0,0,0,0,0,1.42280064438197,0.551966922974248,3.38897421825004,4589.4222480668,4477.11170548268,4781.62619073996,1.42280064438197,0.551966922974248,3.38897421825004,4589.4222480668,4477.11170548268,4781.62619073996,projected,-0.0495939425312964,projected,11474.106439001,,137.481949737214,50.1115087816492,348.392933758255
Connecticut,2020-09-25,47,21,114,14.1,7,33.5,12.7,6.5,30,6,2,17.5,1.8,1,4.5,0,0,0,0,0,0,1.4155291158532,0.546615160993588,3.3836276080192,4590.83777718266,4477.6354144224,4783.68611743065,1.4155291158532,0.546615160993588,3.3836276080192,4590.83777718266,4477.6354144224,4783.68611743065,projected,-0.0393808783184718,projected,11530.9089461248,,137.167422983674,49.8959925747244,347.977367202193
Connecticut,2020-09-26,46.7,21,110.5,14.1,7,32.5,12.7,6.5,29.5,6,2,19.5,1.8,1,4.5,0,0,0,0,0,0,1.40838993667963,0.542328892825617,3.37872907743076,4592.24616711934,4478.38271949064,4787.40474840911,1.40838993667963,0.542328892825617,3.37872907743076,4592.24616711934,4478.38271949064,4787.40474840911,projected,-0.0309666958862473,projected,11587.7114532486,,136.975806714499,49.7262468471541,347.873735350219
Connecticut,2020-09-27,46.4,21,112.5,14,7,33,12.6,6.5,30,5.9,2,19,1.8,1,4.5,0,0,0,0,0,0,1.40150737505126,0.537886254489877,3.37272453470828,4593.64767449439,4478.92728817078,4791.35463494362,1.40150737505126,0.537886254489877,3.37272453470828,4593.64767449439,4478.92728817078,4791.35463494362,projected,-0.0245690168536479,projected,11644.5139603723,,136.801548497254,49.2826498845243,347.802094232442
Connecticut,2020-09-28,46,21,111,14,6.5,33,12.6,6.5,29.5,5.8,2,17.5,1.8,1,4.5,0,0,0,0,0,0,1.39501693013961,0.532777435713138,3.36596849528057,4595.04269142453,4479.6880625494,4795.31044007347,1.39501693013961,0.532777435713138,3.36596849528057,4595.04269142453,4479.6880625494,4795.31044007347,projected,-0.0194100423126092,projected,11701.3164674961,,136.64945534367,48.8377710328205,347.775225941103
Connecticut,2020-09-29,45.9,20.5,111.5,14,6.5,33,12.6,6,30,5.9,2,18,1.8,1,5,0,0,0,0,0,0,1.38891487441198,0.528982015629003,3.36364831333483,4596.43160629894,4480.52846832502,4799.27103506346,1.38891487441198,0.528982015629003,3.36364831333483,4596.43160629894,4480.52846832502,4799.27103506346,projected,-0.0153694397557997,projected,11758.1189746199,,136.52249295628,48.4116805237019,347.834131107619
Connecticut,2020-09-30,45.6,19.5,111.5,13.9,6.5,33,12.5,6,29,5.8,2,18.5,1.8,1,4.5,0,0,0,0,0,0,1.38328708274484,0.525005784372206,3.36534672800299,4597.81489338168,4481.2541257638,4803.23985936651,1.38328708274484,0.525005784372206,3.36534672800299,4597.81489338168,4481.2541257638,4803.23985936651,projected,-0.0121635385541713,projected,11814.9214817436,,136.309363473641,47.9728662231588,348.432782779843
Connecticut,2020-10-01,45.6,19.5,111,13.8,6,32.5,12.4,6,29,6.1,2,19,1.8,1,4.5,0,0,0,0,0,0,1.37818186989158,0.521308041443467,3.36930169973664,4599.19307525157,4481.77317892962,4807.21965631511,1.37818186989158,0.521308041443467,3.36930169973664,4599.19307525157,4481.77317892962,4807.21965631511,projected,-0.00929889009965383,projected,11871.7239888674,,136.018966120315,47.5182564961724,348.813404323149
