"amt_ICU beds needed|Mitigated",date,dataKey,hospital_capacity,icu_capacity,"range_ICU beds needed|Mitigated",epi_week,"amt_Hospital beds needed|Mitigated","range_Hospital beds needed|Mitigated","amt_New Deaths|Mitigated","range_New Deaths|Mitigated","amt_Total Deaths|Mitigated","range_Total Deaths|Mitigated","amt_New Infectious|Mitigated","range_New Infectious|Mitigated","amt_Total Infectious|Mitigated","range_Total Infectious|Mitigated","amt_New Attack Rate|Mitigated","range_New Attack Rate|Mitigated","amt_Attack Rate|Mitigated","range_Attack Rate|Mitigated","amt_New Deaths per 10,000|Mitigated","range_New Deaths per 10,000|Mitigated","amt_Total Deaths per 10,000|Mitigated","range_Total Deaths per 10,000|Mitigated","amt_New Infectious per 10,000|Mitigated","range_New Infectious per 10,000|Mitigated","amt_Total Infectious per 10,000|Mitigated","range_Total Infectious per 10,000|Mitigated"
50.6680706697845,2020-03-19,"Total Infectious per 10,000|Mitigated",8047,966,25.4175206217626|71.4839829618176,2020-12,196.627144529777,119.071600343332|280.516072091302,0,0|0,0,0|0,0,0|0,0,0|0,0,0|0,0,0|0,0,0|0,0,0|0,0,0|0,0,0|0
59.7221625661274,2020-03-20,"Hospital beds needed|Mitigated",8047,966,29.9691226367696|96.328862648112,2020-12,236.053068146312,133.306176755312|362.35621025543,6.86922447425834,4.07462775409965|11.201142144391,6.86922447425834,4.07462775409965|11.201142144391,5307.06612842255,3155.43646941644|7849.30380279255,5307.06612842255,3155.43646941644|7849.30380279255,0.00139278491303544,0.000828111842267801|0.00205996903935522,0.00139278491303544,0.000828111842267801|0.00205996903935522,0.0180275730139519,0.0106934413945815|0.0293962453264368,0.0180275730139519,0.0106934413945815|0.0293962453264368,13.9278491303544,8.28111842267801|20.5996903935522,13.9278491303544,8.28111842267801|20.5996903935522
71.4590750673617,2020-03-21,"Hospital beds needed|Mitigated",8047,966,36.7648655990495|114.054024649477,2020-12,286.977239842575,163.121327514657|453.683238088231,8.20253226018639,4.86931050672216|13.3605521951264,15.0717567344447,9.00829951140493|24.1679505035245,6392.46830003151,3929.47532739328|9262.52719317276,11699.5344284541,7149.2969693966|16960.6953164325,0.00167763754773254,0.00103125037821323|0.00243085498070967,0.00307042246076798,0.00187625944671342|0.0044511600156638,0.0215267021443161,0.0127790045319511|0.0350633948718588,0.039554275158268,0.0236413554080184|0.0634263000041068,16.7763754773254,10.3125037821323|24.3085498070967,30.7042246076798,18.7625944671342|44.511600156638
85.5939746381397,2020-03-22,"Hospital beds needed|Mitigated",8047,966,46.0590714739339|135.369713504122,2020-13,349.691484833635,199.720468735605|544.796610722723,9.85539941090044,5.79995620667381|15.051532675001,24.9271561453452,15.2840576655027|38.7810480110827,7415.51938583532,4681.22484484979|10715.0423635407,19115.0538142894,11830.5218142464|27636.6700673267,0.001946126781349,0.00122853930602358|0.00281205264553788,0.00501654924211698,0.00310479875273699|0.00725295976814068,0.0258644819553445,0.0152213884384415|0.0395011991946528,0.0654187571136125,0.040111437113001|0.101776871202458,19.46126781349,12.2853930602358|28.1205264553788,50.1654924211698,31.0479875273699|72.5295976814068
102.671387028066,2020-03-23,"Hospital beds needed|Mitigated",8047,966,54.6468376583947|169.652072829266,2020-13,425.054171097412,238.720319946841|646.500709000537,11.8289359616162,7.21675955330485|18.2361419688493,36.7560921069614,22.6394477342408|55.5133135103118,8825.95312134179,5642.20041011323|12669.2754266747,27941.0069356312,17547.9830559828|40241.0177733423,0.00231628060647828,0.00148073745782849|0.00332492101028484,0.00733282984859527,0.00460528764163697|0.0105608411660326,0.0310438256202745,0.0189396430789059|0.0478588786941219,0.0964625827338871,0.0594149017191115|0.14568898080181,23.1628060647828,14.8073745782849|33.2492101028484,73.3282984859527,46.0528764163697|105.608411660326
122.687070770494,2020-03-24,"Hospital beds needed|Mitigated",8047,966,68.6302409156594|199.769117408832,2020-13,515.661274060106,290.594085125856|782.743225703732,14.3540705574982,8.6292722754055|22.1275878701431,51.1101626644596,31.9805405512878|75.9230406291093,10598.0877977629,6820.14858769708|15100.35053875,38539.094733394,24368.1316436799|55263.6774640776,0.00278135912282981,0.0017898778397977|0.00396293166562989,0.0101141889714251,0.00639516548143466|0.014503383667786,0.0376707816133284,0.0226466374166553|0.0580715781594415,0.134133364347215,0.0839296389242306|0.199252210131083,27.8135912282981,17.898778397977|39.629316656299,101.141889714251,63.9516548143466|145.03383667786
149.026441954669,2020-03-25,"Hospital beds needed|Mitigated",8047,966,85.3450704505246|237.388157107655,2020-13,628.570367757765,368.190799510434|947.204850503762,17.1927527009053,10.1175962799739|26.3000336773464,68.3029153653649,42.3707795551656|100.623065815814,12462.1950487555,8198.2061613272|17647.1125343804,51001.2897821494,32566.3378050071|72671.4749363133,0.00327057489528037,0.00215153487428744|0.00463130315352398,0.0133847638667054,0.00854670035572211|0.0190718810450202,0.0451206108910647,0.0265525906667377|0.069021732972112,0.17925397523828,0.111197752373827|0.264074885408098,32.7057489528037,21.5153487428744|46.3130315352398,133.847638667054,85.4670035572211|190.718810450202
180.019531694469,2020-03-26,"Hospital beds needed|Mitigated",8047,966,102.382205124858|278.39602390841,2020-13,761.747744526796,438.850155240823|1153.68287012123,20.713952857369,12.7145467006485|30.5889989226263,89.0168682227341,55.6301715052614|130.458778863705,14493.3609494496,9625.89584630177|20130.5002637996,65494.6507315991,42192.2336513089|92756.8531848836,0.00380363349185748,0.00252621734584729|0.00528304271716506,0.0171883973585629,0.0110729177015694|0.0243430819534464,0.0543616384852667,0.0333680199044579|0.080277681063972,0.233615613723547,0.145995662588686|0.342375645182329,38.0363349185748,25.2621734584729|52.8304271716506,171.883973585629,110.729177015694|243.430819534464
216.168336511677,2020-03-27,"Hospital beds needed|Mitigated",8047,966,126.848322784502|327.570435394435,2020-13,920.540999505531,542.742162918094|1389.09769186312,25.0787580782997,15.4797163584597|37.4071912834293,114.095626301034,71.1098878637211|167.647814362884,16837.149587932,11539.5333818504|23063.6111579157,82331.8003195311,53800.5688910361|115808.929491622,0.00441873671010069,0.0030284318319748|0.00605280749919899,0.0216071340686636,0.0141194058733977|0.0303928622496098,0.0658166207917665,0.0406249232257806|0.0981713255456972,0.299432234515313,0.186620585814467|0.439974443313363,44.1873671010069,30.284318319748|60.5280749919899,216.071340686636,141.194058733977|303.928622496098
261.017780753359,2020-03-28,"Hospital beds needed|Mitigated",8047,966,155.248056302161|393.299241423683,2020-13,1109.84889733606,676.58833783184|1633.80877177784,30.1766809773636,19.2598246969506|43.3619336504942,144.272307278397,91.0333707997805|210.740642657687,19577.9982538093,13662.9877090813|26268.8482679587,101909.79857334,67463.5566001174|142041.36516628,0.00513804424808342,0.00358571057675015|0.00689398900731335,0.0267451783167471,0.0177051164501478|0.0372772951463781,0.0791955950306735,0.0505454287105208|0.113798934339647,0.378627829545987,0.238907717304782|0.553067138329146,51.3804424808342,35.8571057675015|68.9398900731335,267.451783167471,177.051164501478|372.772951463781
313.824949673171,2020-03-29,"Hospital beds needed|Mitigated",8047,966,191.150059545532|467.357160498223,2020-14,1335.26119265084,854.823732409434|1954.92155755962,36.0355733903613,23.3034390972943|51.7862933312955,180.307880668758,115.808788295452|259.91832957975,21760.8061026842,15597.7775658429|28993.1801395893,123670.604676025,83061.3341659603|170961.405565864,0.00571089971406043,0.00409347627199173|0.00760896188254991,0.0324560780308075,0.0217985927221395|0.0448670622565325,0.0945716554800022,0.0611574787484307|0.135907799730574,0.473199485025989,0.303928251941274|0.682128918879051,57.1089971406043,40.9347627199173|76.0896188254991,324.560780308075,217.985927221395|448.670622565325
375.471854828374,2020-03-30,"Hospital beds needed|Mitigated",8047,966,237.143246865233|561.940366727977,2020-14,1596.80679936597,1047.86532377387|2276.80303981303,42.9875486798185,27.5684075708766|61.9791904146534,223.295429348577,143.68395590027|321.897519994404,21649.7489558574,15832.0323847299|28427.7613711641,145320.353631882,98963.9921224856|199389.166937028,0.00568175390829089,0.00415495403949198|0.00746057354308826,0.0381378319390984,0.0259720817164429|0.0523276357996207,0.112816399496089,0.0723504497814538|0.162658009609801,0.586015884522078,0.377083761876223|0.844786928488851,56.8175390829089,41.5495403949198|74.6057354308826,381.378319390984,259.720817164429|523.276357996207
443.880067117263,2020-03-31,"Hospital beds needed|Mitigated",8047,966,272.700475441197|670.174319559708,2020-14,1885.48216063967,1242.29894433108|2671.47297528173,50.178171184639,33.4751235488148|70.7998042982149,273.473600533216,179.012865963681|392.325125583046,20196.2425571438,15029.3202836035|26125.2500858166,165516.596189026,114069.132865482|225400.226811857,0.00530029610577987,0.00394429050583592|0.00685630314156624,0.0434381280448782,0.0299362705219018|0.0591539708949572,0.131687448579896,0.0878520182574869|0.185806803394262,0.717703333101973,0.46980085214721|1.02961693465692,53.0029610577987,39.4429050583592|68.5630314156624,434.381280448782,299.362705219018|591.539708949572
516.335342640777,2020-04-01,"Hospital beds needed|Mitigated",8047,966,327.988991291807|761.604708572511,2020-14,2183.54746937926,1445.68980062151|3044.91976265641,57.537250086839,38.6661009412222|80.0832762904879,331.010850620055,219.42734598221|472.408401873534,19199.7219216572,14458.8086551829|24672.8634581366,184716.318110683,128527.941520665|250073.090269993,0.0050387695159375,0.00379456559765739|0.0064751392114442,0.0484768975608157,0.0337308361195592|0.0656291101064014,0.151000594149966,0.101475204441907|0.210170320672062,0.868703927251939,0.575864497626431|1.23978725532899,50.387695159375,37.9456559765739|64.751392114442,484.768975608157,337.308361195592|656.291101064014
591.326583020234,2020-04-02,"Hospital beds needed|Mitigated",8047,966,390.625426641841|863.013688162479,2020-14,2481.68195813317,1693.83592672972|3415.09957650372,63.7304626467465,44.288977394677|89.1714088776165,394.741313266802,263.716323376887|558.618239429089,18483.0850925004,14155.1962323383|23445.6368841469,203199.403203183,142725.230252865|273518.72715414,0.0048506955519766,0.00371488564046157|0.00615306622125194,0.0533275931127923,0.0374567685036151|0.0717821763276534,0.167254043434241,0.116231865283746|0.234021189775102,1.03595797068618,0.692096362910177|1.46603610581826,48.506955519766,37.1488564046157|61.5306622125194,533.275931127923,374.567685036151|717.821763276534
662.812940076421,2020-04-03,"Hospital beds needed|Mitigated",8047,966,441.885699219905|941.806194714871,2020-14,2763.9678702326,1915.40251841328|3756.85659570744,69.820869697204,48.7307540405259|96.7273133035829,464.562182964006,313.517853643967|655.198801115055,17860.7360285921,13890.2576586894|22139.7057938228,221060.139231775,156615.487911555|295658.432947963,0.00468736644209212,0.00364535523715963|0.00581033804036003,0.0580149595548844,0.0411021237407748|0.0775925143680134,0.183237690234292,0.127888851177099|0.253850883685383,1.21919566092047,0.822795356145983|1.71950185497915,46.8736644209212,36.4535523715963|58.1033804036003,580.149595548844,411.021237407748|775.925143680134
730.884153516673,2020-04-04,"Hospital beds needed|Mitigated",8047,966,490.991438749779|1020.0277968015,2020-14,3020.75953670851,2113.16566593288|4108.80554016842,75.3875296103443,50.3224664937773|102.762950814008,539.94971257435,367.75046808229|755.828317768573,17295.5556043979,13691.1977538922|21299.3545022592,238355.694836173,170306.685665447|316957.787450222,0.00453904065362215,0.00359311401282157|0.00558979648835801,0.0625540002085066,0.0446952377535964|0.0831823108563714,0.19784681654892,0.132066136775457|0.269690793461614,1.41704247746939,0.965123273975445|1.98359366994722,45.3904065362215,35.9311401282157|55.8979648835801,625.540002085066,446.952377535964|831.823108563714
794.3664258249,2020-04-05,"Hospital beds needed|Mitigated",8047,966,541.251411671319|1102.39214652099,2020-15,3254.505903992,2287.85235834385|4354.88878238416,79.8979364436499,56.6227149959264|106.895127673365,619.847649017999,425.429849573562|860.451327031388,16741.3841480433,13411.0420894886|20052.4381821387,255097.078984217,183717.727754935|337010.225632361,0.00439360405551534,0.00351959004058519|0.00526255612683689,0.066947604264022,0.0482148277941815|0.0884448669832083,0.20968391530945,0.148600490879644|0.280535266563022,1.62672639277884,1.11649687737567|2.25816599546849,43.9360405551534,35.1959004058519|52.6255612683689,669.47604264022,482.148277941815|884.448669832083
853.129755035704,2020-04-06,"Hospital beds needed|Mitigated",8047,966,581.868839478741|1163.90791341993,2020-15,3460.24947375637,2458.43104113759|4590.89450196944,83.9995822184112,59.9014201604946|115.110309070349,703.847231236411,487.893419207798|969.97350143952,16244.5138590706,13156.973266515|19490.3542425953,271341.592843287,196874.70102145|356500.579874956,0.00426320555934615,0.00345291229153376|0.0051150429789108,0.0712108098233681,0.0516677400857153|0.0935599099621191,0.220448262719986,0.157205115312427|0.30209516506568,1.84717465549883,1.28042609042047|2.54559567594965,42.6320555934615,34.5291229153376|51.150429789108,712.108098233681,516.677400857153|935.599099621191
905.648866107125,2020-04-07,"Hospital beds needed|Mitigated",8047,966,632.820908277503|1228.26140025364,2020-15,3637.86862923201,2612.34711197405|4833.61583344511,87.2965389443098,61.4745125441074|115.621684060251,791.143770180721,549.667006649083|1085.42116807145,15740.0615768034,12960.5154415727|18595.0998277383,287081.654420091,209835.216463023|375095.679702694,0.00413081724703076,0.00340135395628673|0.00488009266697417,0.0753416270703989,0.055069094042002|0.0984400026290933,0.229100786497992,0.161333534453415|0.303437216122903,2.07627544199682,1.44254451617649|2.84857620123261,41.3081724703076,34.0135395628673|48.8009266697417,753.416270703989,550.69094042002|984.400026290933
950.45800318417,2020-04-08,"Hospital beds needed|Mitigated",8047,966,674.909470796337|1286.22658272279,2020-15,3781.44012333687,2761.75889738347|4998.37569785163,90.4394600513058,66.5210199445489|122.754876363807,881.583230232026,617.468118576914|1207.69956421511,15292.3097677113,12729.9976458646|17708.4248298961,302373.964187802,222583.217270937|392804.10453259,0.00401330939063758,0.00334085693207801|0.0046473939347789,0.0793549364610364,0.0584146757187661|0.103087396563872,0.237349059639419,0.174577574005162|0.322157545551182,2.31362450163624,1.62048155991214|3.16948327346027,40.1330939063758,33.4085693207801|46.473939347789,793.549364610364,584.146757187661|1030.87396563872
989.340134307416,2020-04-09,"Hospital beds needed|Mitigated",8047,966,710.788208669339|1336.36354279063,2020-15,3904.77638090275,2866.70557861967|5112.93768427142,92.8760222053461,69.174606625723|123.33275034276,974.459252437373,686.801889584215|1327.89896690546,14799.1430830479,12581.2986661823|17002.2710965143,317173.10727085,235164.515937119|409521.604009522,0.00388388286732138,0.00330183241448701|0.00446207115146734,0.0832388193283578,0.0617165081332531|0.107474732333149,0.24374356637007,0.181541639282543|0.323674116364594,2.55736806800631,1.80244090974132|3.4849342412302,38.8388286732138,33.0183241448701|44.6207115146734,832.388193283578,617.165081332531|1074.74732333149
1023.06273591082,2020-04-10,"Hospital beds needed|Mitigated",8047,966,730.012888588255|1369.54897283027,2020-15,4001.29723932298,2976.77169744955|5194.97847357319,94.4548974237552,70.5744344324769|124.373458698556,1068.91414986113,757.376324016692|1452.27242560401,14348.1673658194,12143.2509523465|16286.6673136244,331521.274636669,247405.39585774|425439.94224631,0.00376552892940127,0.00318687129807042|0.0042742682998725,0.087004348257759,0.0649290011497641|0.111652336455709,0.247887161966116,0.185215343364828|0.326405348389496,2.80525522997242,1.98765625310615|3.81133958961969,37.6552892940127,31.8687129807042|42.742682998725,870.04348257759,649.290011497641|1116.52336455709
1054.95064091561,2020-04-11,"Hospital beds needed|Mitigated",8047,966,753.977573777573|1407.94373338302,2020-15,4084.10459482925,3074.61971723395|5259.61958294221,96.1114302811797,72.9329543306508|124.033215506414,1165.02558014231,830.370691989376|1573.74138338322,13890.6875503973,11929.4108123543|15651.6550296504,345411.962187066,259511.605540305|440912.029711444,0.00364546805781618,0.00313075115304576|0.00410761585814496,0.0906498163155752,0.068106151347614|0.11571282665371,0.252234562047324,0.191405036222955|0.325512415131626,3.05748979201975,2.17922246311516|4.13012237412461,36.4546805781618,31.3075115304576|41.0761585814496,906.498163155752,681.06151347614|1157.1282665371
1083.07704890432,2020-04-12,"Hospital beds needed|Mitigated",8047,966,773.894715939766|1435.97884988914,2020-16,4148.83461378706,3152.70874442925|5300.796922968,97.2725689154158,74.3215076276925|123.896702018531,1262.29814905772,905.416008499597|1693.95250987934,13464.0193846714,11620.096255248|15050.5569429407,358875.981571738,271351.546395886|455370.088743119,0.00353349338674266,0.00304957472936929|0.00394986384862316,0.0941833097023179,0.071213422030858|0.119507195520389,0.255281850949653,0.195049151514279|0.325154149525453,3.3127716429694,2.37617117658536|4.44560410981677,35.3349338674266,30.4957472936929|39.4986384862316,941.833097023179,712.13422030858|1195.07195520389
1105.13531912414,2020-04-13,"Hospital beds needed|Mitigated",8047,966,792.502782048047|1458.97232871139,2020-16,4191.56104904754,3223.10756976973|5310.76552759464,97.8587752884717,74.2133266309911|122.077825719204,1360.1569243462,981.338041818866|1814.68203970635,12999.5773281601,11305.1560766973|14557.1840443619,371875.558899898,282914.050461341|469457.532236655,0.00341160534660241,0.00296692191921399|0.00382038320658613,0.0975949150489204,0.0742478822824517|0.123204300151506,0.256820289274257,0.194765241616726|0.320380695780809,3.56959193224366,2.57542074313538|4.76244634172412,34.1160534660241,29.6692191921399|38.2038320658613,975.949150489204,742.478822824517|1232.04300151506
1122.65854398983,2020-04-14,"Hospital beds needed|Mitigated",8047,966,819.428556630687|1477.58201610298,2020-16,4219.84608904437,3253.62119394584|5304.29473770028,98.4677580331245,76.8301935415797|121.779333255134,1458.62468237932,1058.16823536045|1933.38915775067,12587.5848951427,10827.9405185526|13967.8965882804,384463.143795041,294172.85914227|482715.683821696,0.00330348217061292,0.00284168160496765|0.0036657307755799,0.100898397219533,0.0772026408044094|0.126683765651943,0.258418501843173,0.201632939633469|0.319597333013979,3.82801043408683,2.77705368276885|5.07398096194787,33.0348217061292,28.4168160496765|36.657307755799,1008.98397219533,772.026408044094|1266.83765651943
1136.74680917937,2020-04-15,"Hospital beds needed|Mitigated",8047,966,837.226063146455|1474.5766630063,2020-16,4235.92506168953,3302.49042685112|5304.83647662612,98.6219795834865,77.378675238586|122.329807727826,1557.2466619628,1136.43899504394|2054.1640467519,12170.9590320633,10529.2590266902|13356.8661598772,396634.102827104,305057.725124056|495201.952185103,0.00319414299856648,0.00276329571988494|0.00350537212515197,0.1040925402181,0.0800592619116257|0.129960658341018,0.25882324043774,0.203072373426418|0.321041996641721,4.08683367452457,2.9824672400546|5.39094223434196,31.9414299856648,27.6329571988494|35.0537212515197,1040.925402181,800.592619116257|1299.60658341018
1147.53845918744,2020-04-16,"Hospital beds needed|Mitigated",8047,966,860.869233703066|1469.12408203744,2020-16,4237.92274179414,3334.32723706476|5268.60189741136,98.23331471606,77.5235393207873|119.972095507783,1655.47997667887,1216.22049986604|2171.09980362067,11760.2579308642,10059.7794248527|13139.0863970171,408394.360757968,315803.63687077|507138.467813957,0.00308635871932911,0.00264008562779372|0.00344821806663149,0.107178898937429,0.0828794159092325|0.133093274080068,0.257803229474094,0.203452554308375|0.314854423451765,4.34463690399867,3.19184559255029|5.69782809937566,30.8635871932911,26.4008562779372|34.4821806663149,1071.78898937429,828.794159092325|1330.93274080068
1155.31794238657,2020-04-17,"Hospital beds needed|Mitigated",8047,966,872.236555237526|1474.66366614795,2020-16,4227.72031326861,3361.18718536372|5188.85884729216,97.8956254866576,77.8199031741545|119.106661336788,1753.37560216552,1294.61438438731|2290.20646495746,11376.1282095211,9685.60789389814|12753.3987476446,419770.488967489,326295.611752424|518541.005093087,0.00298554782540227,0.0025418881584971|0.00334699831051931,0.110164446762831,0.0856329267887845|0.136085752694126,0.256916998828715,0.204230330755381|0.312583180494886,4.60155390282738,3.39758227830727|6.01041127987055,29.8554782540227,25.418881584971|33.4699831051931,1101.64446762831,856.329267887845|1360.85752694126
1159.85334175175,2020-04-18,"Hospital beds needed|Mitigated",8047,966,893.047361252277|1449.08022026301,2020-16,4206.36107844957,3389.86579323381|5128.19018902238,97.4846095166498,78.4267115555114|118.785857042301,1850.86021168217,1374.59190307115|2408.99232199976,10989.3163628668,9297.25001663185|12209.9400907676,430759.805330356,336485.615648833|529486.909490935,0.00288403303527779,0.00243996762854212|0.0032043731764357,0.113048479798109,0.0883071884895539|0.138958392705752,0.255838329695542,0.205822836931497|0.311741262624283,4.85739223252292,3.60747504901966|6.32215254249483,28.8403303527779,24.3996762854212|32.043731764357,1130.48479798109,883.071884895539|1389.58392705752
1161.81257596599,2020-04-19,"Hospital beds needed|Mitigated",8047,966,900.384499227715|1459.3911541448,2020-17,4179.0063662638,3394.63401240271|5071.34093374951,96.5382328808345,78.0669172806785|116.49950675878,1947.39844456301,1452.65882035182|2524.94715464293,10606.4884321369,8836.26098752377|11979.6358613542,441366.293762493,346547.441435623|539920.854677138,0.00278356378290621,0.00231898579992348|0.00314393220050415,0.115832043581015,0.0909478111639877|0.141696674288669,0.253354661566077,0.204878593868273|0.305740971495919,5.110746894089,3.81235364288793|6.62646407280351,27.8356378290621,23.1898579992348|31.4393220050415,1158.32043581015,909.478111639877|1416.96674288669
1161.5743206173,2020-04-20,"Hospital beds needed|Mitigated",8047,966,896.397512469597|1446.96491183704,2020-17,4144.04738661868,3377.70672959008|4969.02955361393,95.6050093950642,78.9173333056995|112.256203496143,2043.00345395807,1533.05771516714|2636.18597314612,10240.141247504,8485.93384592218|11737.6051394619,451606.435009997,356197.638529249|549820.01024985,0.00268741973281475,0.0022270460453317|0.00308041372724879,0.11851946331383,0.0934804061222148|0.144294605838763,0.250905512525875,0.20711042324592|0.29460485858038,5.36165240661488,4.02335227191158|6.91839890912555,26.8741973281475,22.270460453317|30.8041372724879,1185.1946331383,934.804061222148|1442.94605838763
1158.53960137226,2020-04-21,"Hospital beds needed|Mitigated",8047,966,896.426023340718|1412.64336427752,2020-17,4102.01528762021,3358.20032589052|4847.42165175037,94.3738483129113,78.8373495856227|111.166016898874,2137.37730227098,1611.89506475277|2743.53982219466,9868.66368957912,8111.77264425269|11412.1192372978,461475.098699576,365569.578144541|559067.189600708,0.00258992926902759,0.00212885128684969|0.00299499330041218,0.121109392582857,0.0959399752676133|0.146721432936137,0.247674456912011,0.206900514200289|0.291743776000425,5.60932686352688,4.23025278611187|7.20013804275029,25.8992926902759,21.2885128684969|29.9499330041218,1211.09392582857,959.399752676133|1467.21432936137
1151.8533699722,2020-04-22,"Hospital beds needed|Mitigated",8047,966,907.39310094846|1400.51532787916,2020-17,4047.06192217354,3350.70452541288|4762.16304510232,93.1810071704034,77.4695055389897|110.995838411244,2230.55830944139,1694.55543367815|2849.76553810637,9529.54447413422,7746.3741390099|11026.4793820264,471004.643173711,374639.043918473|568057.137184688,0.0025009309193627,0.00203295620790537|0.00289378608737018,0.12361032350222,0.0983201632648146|0.149080752202367,0.244543968037875,0.203310748206358|0.291297160065446,5.85387083156476,4.44718642130559|7.47891650700545,25.009309193627,20.3295620790537|28.9378608737018,1236.1032350222,983.201632648146|1490.80752202367
1141.90679511749,2020-04-23,"Hospital beds needed|Mitigated",8047,966,906.544469631726|1395.55407771666,2020-17,3987.78429409727,3301.08311891976|4668.67537477086,91.7046102221806,76.0487947110197|106.590397472442,2322.26291966356,1771.52058843403|2952.6162758376,9186.07738495993,7427.16204266267|10744.827326368,480190.72055867,383532.663699691|576513.15797002,0.00241079151496293,0.00194918227686845|0.00281986940264197,0.126021115017183,0.100654202290109|0.151299947872655,0.240669316120268,0.199582238783071|0.27973553349748,6.09454014768502,4.64917355276289|7.74883768820091,24.1079151496293,19.4918227686845|28.1986940264197,1260.21115017183,1006.54202290109|1512.99947872655
1131.87049389954,2020-04-24,"Hospital beds needed|Mitigated",8047,966,908.998437897362|1347.90129538181,2020-17,3925.01489631696,3238.03667873541|4563.05874730961,90.2683207098996,75.7559106374503|104.673259491202,2412.53124037347,1847.44475023|3052.55967196336,8868.64864340462,7049.8526990895|10312.1585891693,489059.369202075,392198.602345563|584609.499808042,0.00232748560704626,0.00185016132092792|0.00270631994331169,0.128348600624229,0.102928488743526|0.153424749503142,0.236899922042545,0.198813594660189|0.274704202076568,6.33144006972758,4.84842870528106|8.01112885042325,23.2748560704626,18.5016132092792|27.0631994331169,1283.48600624229,1029.28488743526|1534.24749503142
1119.35460910178,2020-04-25,"Hospital beds needed|Mitigated",8047,966,895.762081424294|1336.76606485002,2020-17,3857.94771214975,3183.87616271962|4513.18842527218,88.3053458418075,75.0863109735511|102.464365695873,2500.83658621528,1925.90989668927|3152.21627758822,8568.72384554156,6596.25087169442|10197.5741580824,497628.093047616,400530.585371357|592315.04697307,0.00224877342909323,0.00173111818740869|0.0026762484380723,0.130597374053323,0.105115131979766|0.155446991091702,0.231748296427209,0.197056299222211|0.268907187533721,6.56318836615478,5.05435241066378|8.27266736047735,22.4877342909323,17.3111818740869|26.762484380723,1305.97374053323,1051.15131979766|1554.46991091702
1105.7845985168,2020-04-26,"Hospital beds needed|Mitigated",8047,966,894.501245810725|1314.90272021301,2020-18,3789.56100607298,3132.29456563593|4362.09247259818,86.7105950438552,74.3424650815812|99.4483495762634,2587.54718125913,2000.25236177085|3247.89847776341,8251.70869174862,6337.78044860889|9713.21889590822,505879.801739365,408660.063290802|599647.221923317,0.00216557606303033,0.00166328528368596|0.00254913438194766,0.132762950116353,0.10724862983396|0.157371244983272,0.22756303700573,0.195104152196173|0.260991963477313,6.79075140316052,5.24945656285995|8.52377545226528,21.6557606303033,16.6328528368596|25.4913438194766,1327.62950116353,1072.4862983396|1573.71244983272
1090.58418684283,2020-04-27,"Hospital beds needed|Mitigated",8047,966,897.478140938218|1296.45382340677,2020-18,3715.74413140217,3138.82076961241|4251.53501061942,84.9812716440139,71.5304792358576|97.1509016627899,2672.52845290315,2072.13369045217|3336.71607516197,7965.62620373885,5950.9426417761|9660.40101308938,513845.427943104,416412.314734875|606522.680896256,0.00209049665690616,0.0015617636805797|0.00253527287192528,0.134853446773259,0.109283128480121|0.159175638464714,0.223024605633717,0.18772438460553|0.254962547760721,7.01377600879423,5.43810171574417|8.75686810020922,20.9049665690616,15.617636805797|25.3527287192528,1348.53446773259,1092.83128480121|1591.75638464714
1075.3626481062,2020-04-28,"Hospital beds needed|Mitigated",8047,966,896.531448282387|1260.12986830819,2020-18,3640.91002691795,3119.9095388038|4133.8487157664,83.3239051821597,70.0330309984719|95.5972135433612,2755.8523580853,2146.35504465124|3425.26392577009,7658.20133972187,5733.54340512828|9326.44147756998,521503.629282826,423929.52111292|613131.964305865,0.00200981616374221,0.00150470948724925|0.00244762862718058,0.136863262937001,0.111255941966549|0.160910176907636,0.218675017843433,0.183794485745004|0.250885053115019,7.23245102663766,5.63288802488752|8.9892528254498,20.0981616374221,15.0470948724925|24.4762862718058,1368.63262937001,1112.55941966549|1609.10176907636
1059.34389619692,2020-04-29,"Hospital beds needed|Mitigated",8047,966,886.19357987879|1238.53319487927,2020-18,3564.74986044801,3049.73406850442|4032.7512437358,81.217091212937,67.5888080120032|92.6540660323562,2837.06944929824,2220.02742849966|3513.06380955995,7380.04217229997,5442.5691678711|9028.91420683603,528883.671455126,431286.879752893|619492.187228205,0.00193681615160125,0.00142834629185521|0.00236954565555987,0.138800079088603,0.11318680505843|0.162579351987693,0.213145901303523,0.177379873947695|0.243161065226095,7.44559692794118,5.82623361781674|9.21967458871721,19.3681615160125,14.2834629185521|23.6954565555987,1388.00079088603,1131.8680505843|1625.79351987693
1042.31214362877,2020-04-30,"Hospital beds needed|Mitigated",8047,966,863.428442839581|1231.30495217588,2020-18,3485.9953461473,2983.57200421751|3948.92025323162,79.2993492817758,67.2485731310569|89.1366704100605,2916.36879858002,2292.30278669689|3596.46860624261,7134.64574013104,5104.98331074447|8632.70749555037,536018.317195257,438432.936725369|625424.753226857,0.00187241438230595,0.0013397503563077|0.00226556527985536,0.140672493470908,0.115062214201281|0.16413629290732,0.208112984878171,0.176486962501703|0.233930022240455,7.65370991281935,6.01591286063269|9.43856189798262,18.7241438230595,13.397503563077|22.6556527985536,1406.72493470908,1150.62214201281|1641.3629290732
1023.74609549769,2020-05-01,"Hospital beds needed|Mitigated",8047,966,836.243771539862|1205.49412353077,2020-18,3404.96447000409,2907.03053042222|3894.10030771966,77.4391233921288,65.3584384365545|86.8097358241194,2993.80792197214,2362.88792978632|3677.63078285449,6874.75394930009,4935.34995811461|8543.57260001484,542893.071144556,445310.384241377|631069.27935453,0.00180420845523967,0.0012952318278829|0.00224217274342888,0.142476701926148,0.116867129555395|0.165617640725798,0.203231013387251,0.171526498429079|0.227823221785186,7.85694092620661,6.20115630776611|9.65156368156457,18.0420845523967,12.952318278829|22.4217274342888,1424.76701926148,1168.67129555395|1656.17640725798
1004.16793853774,2020-05-02,"Hospital beds needed|Mitigated",8047,966,827.191973786941|1194.14492305596,2020-18,3323.37406710619,2856.40865504809|3784.80724547561,75.365606032162,62.4265586152442|84.5544450071105,3069.17352800431,2431.93389092362|3757.18495880456,6624.24603802426,4605.60003094712|8172.34697409311,549517.317182581,452046.510923724|636431.983092939,0.00173846523083317,0.00120869235154704|0.00214474839660439,0.144215167156981,0.118634956710444|0.167025027157245,0.1977892803732,0.163832081432682|0.221904443031677,8.05473020657981,6.38236033019772|9.86034543282036,17.3846523083317,12.0869235154704|21.4474839660439,1442.15167156981,1186.34956710444|1670.25027157245
984.949573395295,2020-05-03,"Hospital beds needed|Mitigated",8047,966,810.384756399717|1163.6301532736,2020-19,3243.60057442213,2772.51856885121|3713.0306576089,73.5426163588023,58.6861985247459|81.3339389937425,3142.71614436311,2498.2037736245|3836.650751651,6403.31082946175,4418.51478735288|7984.16626823184,555920.628012043,458379.632531553|641621.42994102,0.0016804830580473,0.00115959375386157|0.00209536230611566,0.145895650215029,0.120297019329292|0.168386944100073,0.193005031501537,0.154015891136002|0.213452556284428,8.24773523808134,6.55627882034069|10.0688952317124,16.804830580473,11.5959375386157|20.9536230611566,1458.95650215029,1202.97019329292|1683.86944100073
965.196603175283,2020-05-04,"Hospital beds needed|Mitigated",8047,966,790.001909734422|1124.04655378312,2020-19,3159.67680052137,2690.86548594592|3626.04551223415,71.690697348472,60.0523955635237|80.34027214671,3214.40684171158,2565.37197459852|3906.2745958991,6153.94565301639,4223.97660653553|7813.03035684822,562074.573665059,464708.559052348|646642.003852745,0.00161503973264206,0.00110853920946827|0.00205044944660236,0.147510689947671,0.121957980990701|0.169704542077905,0.188144860560878,0.157601334727241|0.210844779860241,8.43588009864222,6.73255485438391|10.251615848923,16.1503973264206,11.0853920946827|20.5044944660236,1475.10689947671,1219.57980990701|1697.04542077905
943.607437602603,2020-05-05,"Hospital beds needed|Mitigated",8047,966,775.344451674117|1094.98227604883,2020-19,3075.45688157002,2602.92455540762|3566.24359458637,69.9147946481957,57.2661277811097|77.8496421634994,3284.32163635978,2630.02735538324|3975.41114482363,5930.52213144982,3930.15432876945|7540.83009565959,568005.095796509,470837.08362387|651390.005253259,0.00155640452770489,0.0010314285751397|0.00197901328810464,0.149067094475375,0.123566349222005|0.17095060620405,0.183484186606361,0.150289061548206|0.204308377673746,8.61936428524858,6.90223625032741|10.4330576096836,15.5640452770489,10.314285751397|19.7901328810464,1490.67094475375,1235.66349222005|1709.5060620405
923.996645472918,2020-05-06,"Hospital beds needed|Mitigated",8047,966,763.715741094687|1068.47599466905,2020-19,2996.11643930626,2501.59896182277|3502.65274079479,67.9336481767504,56.5440941561575|75.4031667947595,3352.25528453653,2694.17932388513|4041.11268350991,5725.0847575485,3761.10294738444|7356.28487697418,573730.180554058,476723.859904205|655803.046021251,0.00150248960220378,0.000987062779081526|0.00193058129382794,0.150569584077579,0.125111273101086|0.17210876335784,0.178284871487289,0.148394158573186|0.197887854730862,8.79764915673587,7.0705964925193|10.6054845394243,15.0248960220378,9.87062779081526|19.3058129382794,1505.69584077579,1251.11273101086|1721.0876335784
903.488733866116,2020-05-07,"Hospital beds needed|Mitigated",8047,966,741.407919593072|1040.58264885218,2020-19,2916.28980308276,2404.75180254482|3438.26967450086,65.5795346472106,53.091935168371|73.6609494989818,3417.83481918374,2756.65149276087|4101.92699780426,5511.19688511272,3627.49114906715|7144.30725384196,579241.37743917,482420.862383839|660109.087726508,0.00144635693029031,0.000951997737041964|0.00187494994719397,0.15201594100787,0.126606392798326|0.173238839708286,0.172106742690371,0.139334322424097|0.193315584655325,8.96975589942625,7.23454827338885|10.7650854514841,14.4635693029031,9.51997737041964|18.7494994719397,1520.1594100787,1266.06392798326|1732.38839708286
882.682922844519,2020-05-08,"Hospital beds needed|Mitigated",8047,966,717.024639199016|1009.26508533697,2020-19,2833.21366945002,2339.59640709481|3343.87700303679,63.9894948024154,50.98225034146|71.3829338871773,3481.82431398615,2816.33829742007|4160.37634539647,5323.25129240819,3430.00216314069|6886.18077377148,584564.628731579,487885.711456685|664117.105022989,0.00139703254283102,0.000900168784201916|0.0018072073077775,0.153412973550701,0.128040586222055|0.174290702618347,0.167933846680849,0.133797671613501|0.187337167015514,9.13768974610709,7.39119015239503|10.9184797517118,13.9703254283102,9.00168784201916|18.072073077775,1534.12973550701,1280.40586222055|1742.90702618347
861.397009889567,2020-05-09,"Hospital beds needed|Mitigated",8047,966,696.174248043064|971.554258676217,2020-19,2754.60855722559,2233.90953723289|3313.71999314447,62.2620272981615,49.7952657721873|70.9947338726925,3544.08634128432,2874.4327480852|4219.61217584018,5123.19227350122,3220.35220657156|6716.42542313409,589687.821005079,493271.97558236|668089.593208689,0.00134452911127248,0.000845148309713347|0.00176265676223058,0.154757502661973,0.129454155834781|0.175333241278761,0.163400285915894,0.130682552713371|0.186318376010595,9.30109003202299,7.54365306214501|11.07393809528,13.4452911127248,8.45148309713347|17.6265676223058,1547.57502661973,1294.54155834781|1753.33241278761
840.435832399128,2020-05-10,"Hospital beds needed|Mitigated",8047,966,677.568837873795|937.111423990565,2020-20,2676.882360586,2151.01409378306|3231.96574305781,60.4501124375213,47.9188186602274|68.1675758153514,3604.53645372184,2931.24053077698|4277.68586478721,4927.41529556922,3132.63191251824|6621.6348638267,594615.236300649,498404.834828454|671853.705839421,0.00129314945731961,0.000822127020894242|0.00173777995502547,0.156050652119293,0.130801221943569|0.176321093918277,0.158645101750977,0.125758010293125|0.178898790511287,9.45973513377397,7.69273924415498|11.2263465180365,12.9314945731961,8.22127020894242|17.3777995502547,1560.50652119293,1308.01221943569|1763.21093918277
819.969690819656,2020-05-11,"Hospital beds needed|Mitigated",8047,966,661.339294117933|924.1662521666,2020-20,2598.856419334,2077.60766880361|3197.30348891664,58.334756949385,46.189663905154|66.158703875664,3662.87121067122,2986.52482261734|4333.41230677684,4759.44378830316,3004.33158503826|6326.3662204272,599374.680088952,503345.523029144|675438.893506345,0.00124906706311557,0.000788455919738257|0.00166028973691479,0.157299719182408,0.132097854738302|0.177261989541595,0.153093568873321,0.121220021511958|0.173626712752858,9.61282870264728,7.83782718114286|11.3725948326083,12.4906706311557,7.88455919738257|16.6028973691479,1572.99719182408,1320.97854738302|1772.61989541595
798.659745807977,2020-05-12,"Hospital beds needed|Mitigated",8047,966,646.200693479676|900.955119944174,2020-20,2519.49978320716,2005.49618069302|3105.70562196832,56.6436667011957,43.7991153777102|66.7180096493636,3719.51487737242,3040.66855122033|4384.8853252208,4591.66245576917,2835.62175513822|6194.06989850577,603966.342544721,508248.592147141|678836.338633,0.0012050345783137,0.000744179760353864|0.00162556992812337,0.158504753760722,0.133384614791761|0.178153614066477,0.148655476474877,0.114946272811011|0.175094553221644,9.76148417912216,7.97992182724095|11.5076804746228,12.050345783137,7.44179760353864|16.2556992812337,1585.04753760722,1333.84614791761|1781.53614066477
777.083357501911,2020-05-13,"Hospital beds needed|Mitigated",8047,966,623.410739017197|876.733857969339,2020-20,2445.91897012452,1931.77132987916|3021.23776674013,55.0303059594737,42.6533557183028|62.954424563092,3774.54518333189,3094.96478930567|4436.40765716872,4429.29188139631,2589.59354392216|6056.4793429388,608395.634426117,512937.103247108|682040.74860997,0.00116242209133219,0.000679612187146578|0.00158946070217205,0.159667175852054,0.134615066300488|0.178994578502025,0.14442137717033,0.111939344446126|0.165217411312651,9.90590555629249,8.1224167187872|11.6428955348558,11.6242209133219,6.79612187146578|15.8946070217205,1596.67175852054,1346.15066300488|1789.94578502025
756.446218120344,2020-05-14,"Hospital beds needed|Mitigated",8047,966,600.833420214109|854.411183586222,2020-20,2369.9333151394,1857.81616891883|2949.05056147192,53.1416778533075,39.4428973864116|61.9231725008736,3827.68686118519,3146.9210214702|4483.81735605299,4270.71102732569,2609.36551087445|5948.93428880469,612666.345453443,517440.711556982|685251.202161454,0.00112080417746016,0.000684801136484274|0.00156123660900174,0.160787980029514,0.135796991974001|0.179837129011535,0.139464866983816,0.103513826805335|0.162510996357498,10.0453704232763,8.25877050550444|11.7673174126687,11.2080417746016,6.84801136484274|15.6123660900174,1607.87980029514,1357.96991974001|1798.37129011535
734.023830990083,2020-05-15,"Hospital beds needed|Mitigated",8047,966,581.194723060889|832.514447238224,2020-20,2297.55799101731,1770.82121679704|2881.67205804823,51.5232767923304,38.8953871633605|59.9809479420375,3879.21013797753,3198.5889283955|4531.46449658594,4119.92172076933,2440.315712216|5582.06453266368,616786.267174213,521772.32200524|688165.751447084,0.00108123107508369,0.000640435755796404|0.00146495541539354,0.161869211104598,0.136933778578029|0.18060202249036,0.135217539879867,0.102076942545849|0.157413827794276,10.1805879631562,8.39436761229059|11.8923624316636,10.8123107508369,6.40435755796404|14.6495541539354,1618.69211104598,1369.33778578029|1806.0202249036
714.640012313675,2020-05-16,"Hospital beds needed|Mitigated",8047,966,556.062990788022|819.927033028527,2020-20,2230.24908731605,1695.54664659582|2814.65822002092,49.9260105950393,36.9613009628194|59.0220171808453,3929.13614857257,3248.09096497919|4578.20470912801,3963.46575655206,2339.66766203463|5488.54429524637,620749.732930765,525917.653015517|690983.043658529,0.0010401708166955,0.000614021710365861|0.00144041199110102,0.162909381921294,0.138021678059765|0.181341391850523,0.131025679051576,0.0970011322668005|0.154897212654168,10.3116136422078,8.52428061516243|12.0150273114396,10.401708166955,6.14021710365861|14.4041199110102,1629.09381921294,1380.21678059765|1813.41391850523
694.18423333641,2020-05-17,"Hospital beds needed|Mitigated",8047,966,537.789229027255|814.911423321922,2020-21,2158.24319958092,1637.56616642038|2737.86661017991,48.3254879364289,36.2529776269188|58.2161683618425,3977.461636509,3294.31512194149|4620.80626730851,3822.43941634354,2226.52743348016|5366.99970990125,624572.172347108,529978.102007559|693661.027733184,0.001003159904408,0.000584329221224994|0.00140851386497381,0.163912541825701,0.139087301128974|0.18204420122321,0.126825271975536,0.0951422105350554|0.152782345324207,10.4384389141833,8.64559116015468|12.1268307185761,10.03159904408,5.84329221224994|14.0851386497381,1639.12541825701,1390.87301128974|1820.4420122321
674.681082764719,2020-05-18,"Hospital beds needed|Mitigated",8047,966,519.75510882995|812.893635072359,2020-21,2090.53034100289,1587.51132175371|2662.10770906255,46.756207599624,34.3379539682501|55.114019118523,4024.21784410862,3336.96871289128|4661.22822759248,3679.85441229768,2134.17799104404|5187.93818178816,628252.026759406,533943.950453905|696438.786179838,0.000965739936829942,0.000560093060031636|0.00136152100887856,0.164878281762532,0.140128097258096|0.182773195353477,0.12270685715926,0.0901164279362385|0.144641073744906,10.5611457713425,8.75753112194164|12.2329139952425,9.65739936829942,5.60093060031636|13.6152100887856,1648.78281762532,1401.28097258096|1827.73195353477
655.824375016458,2020-05-19,"Hospital beds needed|Mitigated",8047,966,498.666039660769|797.866619100016,2020-21,2025.22847547653,1531.73846856067|2602.10553676563,45.0817289535982,32.9562795225715|53.7342990534997,4069.29957306222,3379.34092755099|4699.04371782844,3564.33326106074,2003.84412722463|5099.10253694917,631816.360020466,537783.455931787|698912.628740781,0.000935422599022974,0.000525888278181811|0.00133820700771907,0.165813704361554,0.141135735974801|0.18342242988584,0.118312360201903,0.0864903654827078|0.141020140362363,10.6794581315444,8.86873264059972|12.3321568593885,9.35422599022974,5.25888278181811|13.3820700771907,1658.13704361554,1411.35735974801|1834.2242988584
637.128887537643,2020-05-20,"Hospital beds needed|Mitigated",8047,966,480.062826860263|797.130783414019,2020-21,1961.26168656893,1451.34909010813|2538.77374131054,43.785961417456,30.5377352351239|53.8325406480636,4113.08553447967,3419.91333334476|4738.10188273686,3436.6968865751,1918.49364511606|5032.2675565535,635253.056907042,541394.775744279|701298.533949653,0.000901925745500447,0.000503488922129985|0.00132066685462778,0.166715630107055,0.142083489710909|0.18404858616474,0.114911751595437,0.0801431447894801|0.141277965321446,10.7943698831399,8.97521074603065|12.4346609953817,9.01925745500447,5.03488922129985|13.2066685462778,1667.15630107055,1420.83489710909|1840.4858616474
618.242982206435,2020-05-21,"Hospital beds needed|Mitigated",8047,966,464.857079417926|765.733792846471,2020-21,1899.00409840326,1408.17598595996|2470.76632884245,42.2948377130802,29.9562513504065|51.4133695716871,4155.38037219275,3460.85724868786|4773.53809957134,3308.81414008138,1861.23618873144|4821.04475750865,638561.871047123,544924.02967393|703541.139586578,0.000868364234178763,0.000488462291693972|0.00126523360381087,0.167583994341234,0.143009706100255|0.184637134945067,0.110998450821207,0.0786171001497304|0.134929099685151,10.9053683339611,9.08266384005761|12.527659701235,8.68364234178763,4.88462291693972|12.6523360381087,1675.83994341234,1430.09706100255|1846.37134945067
599.174388707928,2020-05-22,"Hospital beds needed|Mitigated",8047,966,440.192537449381|741.217916051952,2020-21,1836.69132474024,1354.42857763807|2412.88441115189,41.0053215361287,28.8186781852317|50.1272963975348,4196.38569372888,3500.94424177417|4808.43175941828,3200.12121767943,1751.41521642792|4717.53765255768,641761.992264803,548320.979608927|705787.081053949,0.000839838894789374,0.000459640907211867|0.00123806922886638,0.168423833236023,0.14390120066718|0.18522655917978,0.107614248263877,0.0756316563968364|0.131553932934494,11.012982582225,9.18786802977093|12.6192345220859,8.39838894789374,4.59640907211867|12.3806922886638,1684.23833236023,1439.0120066718|1852.2655917978
581.508493183525,2020-05-23,"Hospital beds needed|Mitigated",8047,966,424.392016290851|722.589614350287,2020-21,1777.94537144687,1281.53668315993|2343.18801284142,39.5882220136158,27.5651427232415|50.74575768212,4235.9739157425,3538.39727394729|4842.40702538337,3078.49192934859,1696.2791319842|4622.81789677648,644840.484194151,551683.600833094|708440.024513092,0.000807918539234887,0.000445171009019758|0.00121321100331838,0.169231751775258,0.144783686017078|0.185922796900512,0.103895216340277,0.0723418815246816|0.13317702095643,11.1168777985652,9.2861596600161|12.7083991126666,8.07918539234887,4.45171009019758|12.1321100331838,1692.31751775258,1447.83686017078|1859.22796900512
563.818710468156,2020-05-24,"Hospital beds needed|Mitigated",8047,966,411.230664506854|708.991043471796,2020-22,1720.94240979171,1226.99142095651|2279.30332654138,38.0627002123016,25.8538338354555|48.4712960305906,4274.0366159548,3575.80866211673|4874.88662120908,2979.36133277857,1603.35078538086|4457.59354369349,647819.84552693,554843.323610152|711059.045173152,0.000781902733895003,0.000420782920382746|0.00116984957147046,0.170013654509153,0.145612922756694|0.18661013193158,0.0998916412990732,0.0678507273864529|0.127207930319775,11.2167694398643,9.3843419998574|12.7936384708221,7.81902733895003,4.20782920382746|11.6984957147046,1700.13654509153,1456.12922756694|1866.1013193158
547.386439515654,2020-05-25,"Hospital beds needed|Mitigated",8047,966,391.630224546236|689.041316323956,2020-22,1667.43524140378,1190.8705227659|2209.09359710501,37.0614519596301,25.2707831074664|48.4601643136006,4311.09806791443,3611.34507417033|4908.19227279402,2881.51829594654,1549.43916754729|4416.53560015718,650701.363822876,557914.030011775|713508.201563475,0.000756224835363573,0.000406634370856712|0.00115907433654143,0.170769879344517,0.146418798064265|0.187252887832404,0.0972639682556651,0.0663205707277138|0.127178716273625,11.31403340812,9.47760365775647|12.8810457273435,7.56224835363573,4.06634370856712|11.5907433654143,1707.69879344517,1464.18798064265|1872.52887832404
531.073109100864,2020-05-26,"Hospital beds needed|Mitigated",8047,966,365.615734491914|664.367897679538,2020-22,1614.76513288874,1130.42369279285|2168.22998232831,35.6862898365875,24.0412730326279|47.7095361757303,4346.78435775102,3646.92895730286|4936.09312273087,2773.34747086023,1463.41520487738|4304.57111261547,653474.711293737,560923.504266073|717725.50275649,0.000727836515044001,0.000384058266759476|0.00112969040853483,0.171497715859561,0.14720860362465|0.188359675148262,0.0936549967229874,0.0630938480127113|0.125208769940892,11.407688404843,9.57098989861896|12.954268637917,7.27836515044001,3.84058266759476|11.2969040853483,1714.97715859561,1472.0860362465|1883.59675148262
514.686457318292,2020-05-27,"Hospital beds needed|Mitigated",8047,966,363.582773676063|640.773262719153,2020-22,1563.86942515389,1052.03605677553|2107.66877335417,34.4548714544651,21.9257052496587|44.0111359483507,4381.23922920548,3680.98249968698|4965.51251116728,2675.49122695984,1420.28889335482|4193.54640512752,656150.202520697,563848.074282161|721825.396480201,0.000702155150453339,0.000372740209929207|0.00110055311613607,0.172199871010014,0.147976126941103|0.189435650081541,0.0904232658518208,0.057541757989105|0.115502698988668,11.4981116706948,9.66035991760931|13.0314767965746,7.02155150453339,3.72740209929207|11.0055311613607,1721.99871010014,1479.76126941103|1894.35650081541
498.016912515555,2020-05-28,"Hospital beds needed|Mitigated",8047,966,348.915176336968|626.742184294676,2020-22,1511.63593555868,1002.08468113263|2039.20171165859,33.5308869086794,22.0749175830106|43.0472347402427,4414.77011611416,3714.33697964738|4992.40428917098,2578.76257056481,1341.48326473178|4136.42983373631,658728.965091261,566669.953284788|725851.898455197,0.000676769709604267,0.000352058483349501|0.00108556345951733,0.172876640719618,0.148716700057428|0.19049236410533,0.0879983634592237,0.0579333504089136|0.112973039421927,11.586110034154,9.74789531917927|13.10205150166,6.76769709604267,3.52058483349501|10.8556345951733,1728.76640719618,1487.16700057428|1904.9236410533
482.744894416865,2020-05-29,"Hospital beds needed|Mitigated",8047,966,334.420424739829|618.644396115523,2020-22,1460.27415520717,970.455799433702|1968.61530246436,32.2830312610695,21.0590584872482|41.6175809397092,4447.05314737523,3747.74100721223|5017.80336567591,2499.21493916117,1289.93976741981|4038.28389874961,661228.180030422,569442.45150477|729822.58662159,0.000655893252027578,0.00033853142269414|0.00105980606848104,0.173532533971646,0.149444313695315|0.191534430369193,0.0847234946756426,0.0552673327107918|0.109221060087087,11.6708335288297,9.8355607533403|13.1687087652122,6.55893252027578,3.3853142269414|10.5980606848104,1735.32533971646,1494.44313695315|1915.34430369193
468.675245704496,2020-05-30,"Hospital beds needed|Mitigated",8047,966,319.46147404407|596.948875880384,2020-22,1413.37434002762,941.876940682176|1930.68130850294,31.1913197498374,19.9805030762519|40.9229540638069,4478.24446712507,3778.99998992289|5041.79513417505,2412.4763619379,1252.19400949227|3983.62360350613,663640.65639236,572073.239847288|733806.210225096,0.000633129604691861,0.000328625436806567|0.00104546103627022,0.174165663576338,0.150134737033593|0.192579891405464,0.0818584101158557,0.0524367749827409|0.107398083305689,11.7526919389455,9.91759673793654|13.2316726936692,6.33129604691861,3.28625436806567|10.4546103627022,1741.65663576338,1501.34737033593|1925.79891405464
454.497821448581,2020-05-31,"Hospital beds needed|Mitigated",8047,966,301.348468583848|577.635563090044,2020-23,1364.65103441374,897.204664571214|1883.31819612858,30.0573195177543,18.5022105272284|40.0598557330196,4508.30178664283,3809.428781049|5069.55708323551,2329.15919489738,1183.02891207482|3871.03974075755,665969.815587257,574611.885145242|737650.627643293,0.000611263871263479,0.000310473768472204|0.00101591455961192,0.174776927447601,0.150800978377676|0.193588819210376,0.0788823431583229,0.0485571482558271|0.105132970521154,11.8315742821038,9.99745397011869|13.3045310731809,6.11263871263479,3.10473768472204|10.1591455961192,1747.76927447601,1508.00978377676|1935.88819210376
440.030963504142,2020-06-01,"Hospital beds needed|Mitigated",8047,966,293.615666514249|557.9756475126,2020-23,1318.53015442923,853.299751281445|1825.4883667279,29.084782329473,18.6178402061554|39.1505891723294,4537.3865689723,3838.0054292115|5096.69970577248,2254.00062820949,1149.05891030182|3861.17723747392,668223.816215467,577115.216468314|741371.312339182,0.000591539278572305,0.000301558690947198|0.00101332624707807,0.175368466726173,0.151457951932317|0.194565274635125,0.0763300193499765,0.0488606064536555|0.10274669396644,11.9079043014538,10.0724504436179|13.3757640939403,5.91539278572305,3.01558690947198|10.1332624707807,1753.68466726173,1514.57951932317|1945.65274635125
426.016786649703,2020-06-02,"Hospital beds needed|Mitigated",8047,966,281.261095239919|552.102648881269,2020-23,1274.33463040834,810.843838486466|1776.78467922762,28.0070145693224,17.7854622241033|39.0728328614853,4565.39358354162,3865.1495633891|5123.39765600512,2176.69301959809,1138.50770634079|3686.62265139899,670400.509235065,579453.776953354|745025.010330636,0.000571250691934925,0.000298789636005038|0.000967516191559016,0.175939717418108,0.15207168307547|0.195524150088368,0.0735015287305466,0.0466761160642553|0.102542630527213,11.9814058301844,10.1436874315225|13.4458301179791,5.71250691934925,2.98789636005038|9.67516191559016,1759.39717418108,1520.7168307547|1955.24150088368
412.573889454958,2020-06-03,"Hospital beds needed|Mitigated",8047,966,263.179733015141|541.686808109408,2020-23,1232.64109939997,779.93869047142|1756.93740281846,27.1226198595137,17.117429951676|38.3654198529904,4592.51620340113,3892.42001928383|5147.72363902865,2096.8313076597,1076.38936705769|3645.39388470537,672497.340542725,581797.926611885|748670.404215341,0.000550291807152755,0.00028248731685492|0.000956696125849566,0.176490009225261,0.152686881039711|0.196480846214218,0.0711805257899709,0.0449229340839621|0.100686097856102,12.0525863559743,10.2152559377794|13.5096711580756,5.50291807152755,2.8248731685492|9.56696125849566,1764.90009225261,1526.86881039711|1964.80846214218
399.554835965911,2020-06-04,"Hospital beds needed|Mitigated",8047,966,254.262738332664|533.628923436657,2020-23,1191.89251562247,750.250237670175|1715.18187313552,26.0638792184284,15.1244306739398|37.361516192983,4618.58008261956,3917.81848626963|5170.77806025297,2025.18398649581,991.178916668907|3576.17882023686,674522.524529221,584052.959427199|752204.574745306,0.000531488704730109,0.000260124710687485|0.00093853134417665,0.177021497929991,0.153278691205171|0.19740835291474,0.068401969887259,0.0396925124940456|0.0980514559692952,12.1209883258616,10.2819116017113|13.5701751150322,5.31488704730109,2.60124710687485|9.3853134417665,1770.21497929991,1532.78691205171|1974.0835291474
386.652847596428,2020-06-05,"Hospital beds needed|Mitigated",8047,966,245.133199184265|512.137210367306,2020-23,1153.66933970845,705.741194225052|1682.32770940912,25.2964343711725,14.9274100704603|36.2640178242893,4643.87651699073,3943.62993145162|5194.57386451427,1963.08081387514,995.070160218565|3560.80581463962,676485.605343096,585708.487112559|755675.970502268,0.000515190365914533,0.000261145927528912|0.00093449685699565,0.177536688295906,0.153713167416224|0.198319385021836,0.0663878898306336,0.0391754521871959|0.0951711843973788,12.1873762156922,10.3496510844372|13.6326247555053,5.15190365914533,2.61145927528912|9.3449685699565,1775.36688295906,1537.13167416224|1983.19385021836
374.145311297711,2020-06-06,"Hospital beds needed|Mitigated",8047,966,232.990189694522|502.080510110956,2020-23,1115.22638499415,691.373845609282|1651.83825827711,24.3387017950493,13.8090599623184|34.7612131565892,4668.21521878579,3967.25410548952|5216.79476562728,1896.02130679295,963.903480337287|3448.28508215101,678381.626649889,587294.575972141|759068.257529366,0.000497591288104016,0.000252966552997366|0.000904966948224678,0.17803427958401,0.154129420121749|0.199209655856549,0.0638744192039852,0.0362404573700604|0.0912272281364943,12.2512506348962,10.4116502990441|13.6909412246718,4.97591288104016,2.52966552997366|9.04966948224678,1780.3427958401,1541.29420121749|1992.09655856549
361.509572273706,2020-06-07,"Hospital beds needed|Mitigated",8047,966,218.13573149403|496.579327872149,2020-24,1075.52715695566,659.807695409983|1607.57348890721,23.6847270728824,14.2508555333093|34.0435212076706,4691.89994585867,3990.08869670308|5238.93644485317,1833.51388689845,943.48263418222|3338.40413955587,680215.140536787,588865.234552902|762369.931152444,0.000481186858749805,0.000247607311987749|0.000876129825156434,0.178515466442759,0.154541623309326|0.200076146135493,0.062158129818288,0.0373999043997978|0.0893437194436077,12.3134087647145,10.4715773347508|13.7490497841448,4.81186858749805,2.47607311987749|8.76129825156434,1785.15466442759,1545.41623309326|2000.76146135493
350.399115256536,2020-06-08,"Hospital beds needed|Mitigated",8047,966,210.608762744811|488.023253033341,2020-24,1039.22593316324,638.180664212481|1570.50776639964,22.6248343646568,13.0659236375784|32.8981532723893,4714.52478022332,4013.08162921079|5258.67930717986,1773.19556706978,865.698489151977|3342.48344486227,681988.336103857,590345.294963036|765712.414597306,0.000465356936189186,0.000227193663269245|0.000877200396871378,0.178980823378949,0.15493004993898|0.200953346532364,0.0593765504338764,0.0342901725302253|0.0863378191183963,12.3727853151484,10.5319199208958|13.8008628954258,4.65356936189186,2.27193663269245|8.77200396871378,1789.80823378949,1549.3004993898|2009.53346532364
339.069328710511,2020-06-09,"Hospital beds needed|Mitigated",8047,966,204.683479654694|478.73376468551,2020-24,1004.21319350155,608.630935052581|1560.81973109811,22.0143643645705,12.7677610114264|32.1708253341047,4736.53914458789,4035.90763221466|5278.39011143429,1708.80914911126,858.879012940624|3263.92657720497,683697.145252968,591830.594103598|768903.091373321,0.000448459383121824,0.000225403961887703|0.000856583955048195,0.17942928276207,0.155319851419546|0.201790706830591,0.0577744347160652,0.0335076753890808|0.0844290217626471,12.4305597498644,10.5918244177296|13.8525918735939,4.48459383121824,2.25403961887703|8.56583955048195,1794.2928276207,1553.19851419546|2017.90706830591
327.997547588219,2020-06-10,"Hospital beds needed|Mitigated",8047,966,196.424810819877|462.737290745637,2020-24,971.192563317128,582.770491784377|1512.63692964218,21.4078800849355,12.5417269785335|31.6446037979146,4757.94702467283,4057.98584155365|5296.64037887667,1657.48548348423,814.738292979642|3263.59230909394,685354.630736452,593174.673954217|772166.683682415,0.000434990015030823,0.000213819683997717|0.000856496229820981,0.179864272777101,0.155672591350151|0.202647203060412,0.0561827791115778,0.0329144723212695|0.0830480074719174,12.486742528976,10.6497664070135|13.9004878231402,4.34990015030823,2.13819683997717|8.56496229820981,1798.64272777101,1556.72591350151|2026.47203060412
318.044598803506,2020-06-11,"Hospital beds needed|Mitigated",8047,966,189.40134671694|456.263417983356,2020-24,940.360120244051,555.512748683664|1478.25043228796,20.3181007561029,11.3630397659258|31.26009553378,4778.26512542893,4078.28694614413|5314.8832787042,1602.59461627759,768.444621374214|3190.20069777939,686957.22535273,594521.578548378|775274.322526264,0.000420584471580101,0.000201670386095484|0.000837235356391342,0.180284857248682,0.156026072605642|0.203462770907531,0.0533227653657399,0.0298211289801797|0.0820389050860322,12.5400652943418,10.7030445676909|13.9483644371393,4.20584471580101,2.01670386095484|8.37235356391342,1802.84857248682,1560.26072605642|2034.62770907531
307.533713636912,2020-06-12,"Hospital beds needed|Mitigated",8047,966,180.256093221606|439.717393444305,2020-24,909.538087940051,527.045491027194|1450.81354254765,19.7287029864455,11.1192503755176|30.155034708173,4797.99382841538,4098.78893431239|5332.08936711782,1550.39479417873,765.608926693975|3136.47541128998,688507.620146909,595811.832567558|778341.208586572,0.000406885165235857,0.000200926187196687|0.000823135707609841,0.180691742413917,0.156364686500478|0.204267643605823,0.0517759515490455,0.0291813288030156|0.0791387866238765,12.5918412458908,10.7568499266538|13.9935200462366,4.06885165235857,2.00926187196687|8.23135707609841,1806.91742413917,1563.64686500478|2042.67643605823
297.169261984676,2020-06-13,"Hospital beds needed|Mitigated",8047,966,169.766732706232|433.510195775701,2020-24,878.228955931745,494.133050164879|1410.45659433211,19.0934310498395,10.6755362176659|30.5558028357786,4817.08725946522,4119.09703254724|5349.13572295403,1500.09982150404,721.377067002946|3089.27249647921,690007.719968413,597060.135930225|781357.969267306,0.000393685767028308,0.000189317990622081|0.000810747788181509,0.181085428180946,0.156692290877047|0.205059361413872,0.050108745700147,0.0280168466394219|0.0801905613488328,12.6419499915909,10.8101464414315|14.0382564536157,3.93685767028308,1.89317990622081|8.10747788181509,1810.85428180946,1566.92290877047|2050.59361413872
287.745139202607,2020-06-14,"Hospital beds needed|Mitigated",8047,966,164.609708841881|429.036320322925,2020-25,848.550997446353,468.818625178099|1383.53504854706,18.556881155941,9.82514937532074|28.6798651848177,4835.64414062116,4137.49365047875|5365.27174504539,1450.88478304039,669.568540581826|3112.17518839316,691458.604751454,598239.717041644|784470.144455699,0.000380769786445454,0.000175721375803304|0.000816758364080463,0.181466197967391,0.157001859805703|0.205876119777952,0.0487006256970621,0.0257850938487058|0.0752673559565717,12.690650617288,10.8584264727819|14.0806037837251,3.80769786445454,1.75721375803304|8.16758364080463,1814.66197967391,1570.01859805703|2058.76119777952
279.010447203228,2020-06-15,"Hospital beds needed|Mitigated",8047,966,158.775106693369|410.375858979518,2020-25,820.543220884369,449.931057740494|1358.69022339187,17.8447056813277,9.61421138081187|27.9867611125905,4853.48884630248,4155.85501550834|5381.17573553265,1401.45227134319,700.073494469201|3076.10812423297,692860.057022796,599444.668383694|787458.41437834,0.000367796732249544,0.000183727087154749|0.000807292934103856,0.181833994699641,0.157318086890412|0.206660360479616,0.0468315944235249,0.0252315087807443|0.0734483756167727,12.7374822117115,10.9066139865176|14.1223421707579,3.67796732249544,1.83727087154749|8.07292934103856,1818.33994699641,1573.18086890412|2066.60360479616
270.090194982537,2020-06-16,"Hospital beds needed|Mitigated",8047,966,151.445126561198|404.890394214551,2020-25,794.390779672104,434.548868050193|1325.8698345965,17.3139843955701,8.74681677895429|28.8683457039935,4870.80283069805,4174.02017243592|5396.42798859887,1353.93289889515,687.14578639608|2979.41924872765,694213.989921691,600563.999320965|790397.772314259,0.000355325761769623,0.000180334343154832|0.000781917933340074,0.18218932046141,0.157611843780641|0.20743176473351,0.0454387710029324,0.0229551208747306|0.0757620036906621,12.7829209827145,10.9542865722729|14.1623701399718,3.55325761769623,1.80334343154832|7.81917933340074,1821.8932046141,1576.11843780641|2074.3176473351
260.798303841253,2020-06-17,"Hospital beds needed|Mitigated",8047,966,145.600310450005|394.190921262594,2020-25,767.488536848604,417.535495217282|1299.45650798364,16.6149568875338,9.03277279025176|27.5607525005947,4887.41778758559,4192.0286069919|5410.75598812109,1319.81481531634,629.669428235648|3016.12082472999,695533.804737008,601547.92673164|793280.731664782,0.000346371821697961,0.000165250264199542|0.000791549884422598,0.182535692283108,0.157870065408175|0.208188367758823,0.0436042452151802,0.0237055830108512|0.0723303598369555,12.8265252279296,11.0015478562856|14.1999725008349,3.46371821697961,1.65250264199542|7.91549884422598,1825.35692283108,1578.70065408175|2081.88367758823
252.323810779922,2020-06-18,"Hospital beds needed|Mitigated",8047,966,137.868139901296|392.216923704131,2020-25,741.984414812898,416.221586165238|1281.66547327588,16.062512522672,8.62012097305955|26.891169666745,4903.48030010826,4209.63599438278|5425.19130810433,1272.44910262072,613.889007402282|2980.74374308019,696806.253839629,602429.030999022|796063.264709269,0.000333941177639406,0.000161108855080791|0.00078226553325818,0.182869633460748,0.158101302159466|0.208918614933176,0.0421544118080739,0.0226226207650184|0.0705731085677113,12.8686796397377,11.0477566332682|14.2378565132082,3.33941177639406,1.61108855080791|7.8226553325818,1828.69633460748,1581.01302159466|2089.18614933176
244.466447657845,2020-06-19,"Hospital beds needed|Mitigated",8047,966,132.616678623122|381.427649386563,2020-25,717.754160214435,402.13937212706|1257.90586100973,15.3971368734041,8.4406117706894|27.3786069714139,4918.87743698166,4225.3539977646|5438.74296569174,1233.1551382431,594.003557535561|2882.72273253645,698039.408977872,603304.746970811|798935.045570759,0.000323628880894997,0.000155890123319571|0.00075654092735688,0.183193262341643,0.158331124808006|0.209672284279032,0.0404082018619828,0.0221515173290292|0.0718523376324436,12.9090878415997,11.0890069162748|14.2734214445236,3.23628880894997,1.55890123319571|7.5654092735688,1831.93262341643,1583.31124808006|2096.72284279032
236.572750988051,2020-06-20,"Hospital beds needed|Mitigated",8047,966,127.269895414154|380.629879909357,2020-25,694.530674065396,389.556602011771|1228.64808764509,15.0979757822393,8.12029451490949|26.4542457190113,4933.9754127639,4241.12864272689|5452.33461115246,1190.75191892568,562.535564140165|2855.55096745135,699230.160896797,604143.076625854|801790.59653821,0.000312500592175709,0.000147631672155777|0.000749409977118971,0.183505762933818,0.158551135802299|0.210421694256151,0.0396230843521214,0.0213108776414137|0.0694264466120814,12.9487109259518,11.1304058492828|14.309091319899,3.12500592175709,1.47631672155777|7.49409977118971,1835.05762933818,1585.51135802299|2104.21694256151
228.52807952693,2020-06-21,"Hospital beds needed|Mitigated",8047,966,123.085069308722|366.25261848121,2020-26,671.80780985416,368.880050222409|1213.71730836844,14.5810160365184,7.58032401663499|26.0125738441991,4948.55642880042,4256.34072777669|5464.55418542537,1155.72104322106,563.236225276437|2837.07358215036,700385.881940018,604938.735756854|804511.389657388,0.000303307099200274,0.000147815553463478|0.000744560777418643,0.183809070033019,0.158759948356498|0.211135738422209,0.0382663766777426,0.0198937806140124|0.0682673242102407,12.9869773026296,11.1703284016695|14.3411603355834,3.03307099200274,1.47815553463478|7.44560777418643,1838.09070033019,1587.59948356498|2111.35738422209
220.733416550232,2020-06-22,"Hospital beds needed|Mitigated",8047,966,121.95480808962|364.95277556673,2020-26,648.237137903254,357.743900335668|1183.21599191965,14.0651913648734,7.29704367713632|24.8790247227063,4962.6216201653,4270.05420465021|5476.21676539424,1116.04133349708,561.180176048895|2791.48423410551,701501.923273515,605736.4918959|807223.63593351,0.000292893567557771,0.000147275964493737|0.000732596321989695,0.184101963600576,0.158969311248886|0.211847539557226,0.0369126478885139,0.0191503405032886|0.0652924411460476,13.0238899505181,11.2063180110554|14.3717675770133,2.92893567557771,1.47275964493737|7.32596321989695,1841.01963600576,1589.69311248886|2118.47539557226
212.707746975466,2020-06-23,"Hospital beds needed|Mitigated",8047,966,120.928171948549|354.988661168046,2020-26,626.768353302733,329.101477503317|1179.10761717446,13.6323241821559,6.79422922933383|24.6842146257012,4976.25394434745,4285.02421974278|5488.9436734857,1086.06803047166,485.45517584814|2786.82671170156,702587.991303987,606497.648289483|810010.462645212,0.000285027382506096,0.000127402717153862|0.000731374003145466,0.184386990983082,0.15916906891457|0.212578913560371,0.0357766324953607,0.0178307557082077|0.0647811820860509,13.0596665830134,11.2456052757405|14.4051680381163,2.85027382506096,1.27402717153862|7.31374003145466,1843.86990983082,1591.6906891457|2125.78913560371
205.883235881589,2020-06-24,"Hospital beds needed|Mitigated",8047,966,117.103612348539|347.298662970179,2020-26,606.632189013724,326.721382849579|1159.1528787579,13.1600551638948,5.77358167576771|24.381350299492,4989.41399951134,4295.96183925226|5500.47546858838,1050.68365469208,507.975896102461|2729.53902540448,703638.674958679,607237.91276227|812690.77905683,0.00027574111707235,0.000133313048519986|0.000716339439179894,0.184662732100155,0.15936334371055|0.213282335030903,0.0345372110379843,0.0151521711951559|0.0639863458167577,13.0942037940514,11.2743099330194|14.4354320481184,2.7574111707235,1.33313048519986|7.16339439179894,1846.62732100155,1593.6334371055|2132.82335030903
198.89708859284,2020-06-25,"Hospital beds needed|Mitigated",8047,966,112.009777708968|343.185306174611,2020-26,585.436721119178,307.824600576922|1142.42312591675,12.680763953429,6.59837196848658|23.9397965947889,5002.09476346478,4306.78610878076|5511.58663930503,1016.53044723024,481.814340189098|2767.58083180263,704655.205405909,607965.808122205|815356.183186854,0.000266777959098898,0.000126447217287448|0.000726323119943208,0.184929510059254,0.159554372360101|0.213981842926529,0.0332793605595212,0.0173167484744264|0.0628275335402123,13.1274831546109,11.3027171149334|14.4645921726879,2.66777959098898,1.26447217287448|7.26323119943208,1849.29510059254,1595.54372360101|2139.81842926529
191.619657276188,2020-06-26,"Hospital beds needed|Mitigated",8047,966,107.080004434711|334.795029210723,2020-26,564.71906922159,292.834129783932|1117.42772818752,12.3153395537421,6.5250005535582|23.72079685722,5014.41010301852,4317.42584889726|5522.72828973178,986.566041261772,469.717201984363|2715.20801250178,705641.771447172,608708.003343881|818014.188605231,0.000258914108988298,0.000123272447805639|0.000712578412262876,0.185188424168242,0.159749153861266|0.214679409106391,0.0323203418127729,0.0171241927434679|0.0622527912568797,13.1598034964237,11.3306400183875|14.4938322881211,2.58914108988298,1.23272447805639|7.12578412262876,1851.88424168242,1597.49153861266|2146.79409106391
185.546785697599,2020-06-27,"Hospital beds needed|Mitigated",8047,966,106.609333988608|333.278298306872,2020-26,546.599301794139,288.050405648233|1114.30453786985,11.7616866841438,5.5995532656442|23.3934194154469,5026.17178970266,4326.36896409292|5539.10088144227,951.576579521237,462.953125347288|2727.21235950974,706593.348026692,609408.882285666|820655.534803149,0.000249731484681724,0.000121497285472485|0.000715728829649611,0.185438155652924,0.159933092329783|0.215372603245213,0.0308673368093014,0.0146954515346236|0.0613936228373876,13.190670833233,11.3541103042642|14.5368004708606,2.49731484681724,1.21497285472485|7.15728829649611,1854.38155652924,1599.33092329783|2153.72603245213
180.154346208652,2020-06-28,"Hospital beds needed|Mitigated",8047,966,102.539900691517|329.89003110701,2020-27,530.538338636291,277.513482160315|1090.13098021946,11.43424316148,5.92454145258445|22.1429549141817,5037.60603286414,4336.01243270174|5560.92152980745,920.998686699035,454.356720027059|2703.07864144891,707514.346713391,610060.770614129|823230.206861853,0.000241706631257137,0.000119241247325112|0.000709395183601644,0.185679862284181,0.160104173715787|0.216048299442058,0.0300079949673092,0.0155483496005832|0.0581119073857539,13.2206788282003,11.3794185956302|14.5940665178633,2.41706631257137,1.19241247325112|7.09395183601644,1856.79862284181,1601.04173715787|2160.48299442058
174.100462104599,2020-06-29,"Hospital beds needed|Mitigated",8047,966,94.5395260026592|323.138361464457,2020-27,512.661423540082,260.79499642426|1071.33834629412,11.0664037703045,5.15443062997083|22.5351026185582,5048.67243663444,4344.49018099608|5581.57932858284,892.617028900769,446.126188181407|2663.92568319219,708406.963742292,610704.78316664|825795.543156963,0.000234258157122501,0.000117081228907499|0.000699119892463173,0.185914120441303,0.160273188185409|0.216721545563781,0.0290426383238229,0.0135272729658732|0.059141058696705,13.2497214665241,11.4016675739455|14.6482807857368,2.34258157122501,1.17081228907499|6.99119892463173,1859.14120441303,1602.73188185409|2167.21545563781
168.860645504559,2020-06-30,"Hospital beds needed|Mitigated",8047,966,89.1155602668279|310.708720890865,2020-27,496.490912569384,251.371747824354|1055.57307968836,10.5876483391001,5.27581804067419|22.9008029607607,5059.26008497355,4352.23512039134|5602.93732012748,872.53849288668,421.912200771762|2605.04734613554,709279.502235179,611322.66057763|828388.524547812,0.00022898875188813,0.000110726516994646|0.000683667878568352,0.186143109193191,0.160435343755984|0.217402046856504,0.0277861939429168,0.013845841738466|0.0601008016262001,13.2775076604671,11.4219933706871|14.7043326375063,2.2898875188813,1.10726516994646|6.83667878568352,1861.43109193191,1604.35343755984|2174.02046856504
163.230954778776,2020-07-01,"Hospital beds needed|Mitigated",8047,966,82.1753970076953|300.956598924587,2020-27,479.607591340896,239.687204475953|1031.90403296916,10.3607144849847,4.74966966977353|22.4816207041375,5069.62079945853,4360.17766604599|5623.70774084164,839.237677477994,395.267506252996|2611.70728769277,710118.739912658,611909.215846503|830962.899408374,0.000220249295440697,0.000103733891005038|0.000685415711721011,0.186363358488632,0.160589279152562|0.218077665056753,0.0271906293868693,0.0124650194625122|0.0590007009138494,13.3046982898539,11.4428377647293|14.758842470073,2.20249295440697,1.03733891005038|6.85415711721011,1863.63358488632,1605.89279152562|2180.77665056753
157.67626702758,2020-07-02,"Hospital beds needed|Mitigated",8047,966,79.065549975731|300.95496262829,2020-27,463.501049200836,226.389926786149|1023.51056534974,10.0437841894819,4.10655971555788|22.1501527747223,5079.66458364801,4368.49444005103|5645.23871044259,818.933643883069,384.348149686302|2546.3780454997,710937.67355654,612500.948256161|833505.507231991,0.000214920710685869,0.000100868218198608|0.000668270724131872,0.186578279199318,0.160744573236484|0.218744946324935,0.0263588784280937,0.0107772435426732|0.0581307974303182,13.331057168282,11.4646642825813|14.8153482849575,2.14920710685869,1.00868218198608|6.68270724131872,1865.78279199318,1607.44573236484|2187.44946324935
152.274313666777,2020-07-03,"Hospital beds needed|Mitigated",8047,966,77.5463812991138|296.060377583991,2020-27,447.421207660685,219.789844733641|1005.21375106868,9.67741403889196,4.68850729557412|20.7571917318153,5089.3419976869,4376.48481109737|5665.99590217441,794.495684845976,377.331567837862|2582.37621245012,711732.169241386,613062.587137642|836062.941756532,0.000208507219723329,9.90267884701851e-05|0.0006777180727445,0.186786786419041,0.1608919695835|0.219416118708256,0.0253973776553872,0.0123045051030356|0.0544751144633836,13.3564545459374,11.4856341894443|14.8698233994209,2.08507219723329,0.990267884701851|6.777180727445,1867.86786419041,1608.919695835|2194.16118708256
148.62751318808,2020-07-04,"Hospital beds needed|Mitigated",8047,966,78.2579823266393|287.738420527747,2020-27,434.474031635677,214.466532922524|1002.26270418408,9.33421951285527,4.21029362991406|21.0163566811675,5098.67621719976,4384.09264549533|5685.8684186196,768.249350580762,370.33202562817|2577.48245127883,712500.418591967,613594.245446158|838640.42420781,0.000201619139284441,9.71898306196691e-05|0.000676433755465906,0.186988405558326,0.161031497837543|0.220092552463722,0.0244966989253064,0.0110494825300708|0.0551552662133537,13.3809512448627,11.5056001682242|14.9219767745987,2.01619139284441,0.971898306196691|6.76433755465906,1869.88405558326,1610.31497837543|2200.92552463722
144.54300159023,2020-07-05,"Hospital beds needed|Mitigated",8047,966,73.3907321709824|279.867057921685,2020-28,421.384556216137,204.903810050845|971.478407758285,9.1230772143512,4.15638756592072|21.2151314375539,5107.79929441411,4391.34154388047|5707.08355005716,745.610047033179,344.838225737431|2508.24398362998,713246.028639,614158.662555871|841114.568341338,0.000195677686952835,9.04992450862418e-05|0.000658262831869053,0.187184083245279,0.16117962330198|0.220741866140708,0.0239425776825257,0.0109080116102928|0.0556769301140624,13.4048938225452,11.5246241563612|14.9776537047128,1.95677686952835,0.904992450862418|6.58262831869053,1871.84083245279,1611.7962330198|2207.41866140708
139.49390618566,2020-07-06,"Hospital beds needed|Mitigated",8047,966,72.6869252413633|276.770623453919,2020-28,406.90658260766,200.438373386749|973.038342935206,8.82689329438424,4.08963040263631|20.6660341890346,5116.6261877085,4398.54476686748|5727.15169669892,722.269011050309,346.156646301307|2492.90450996529,713968.29765005,614715.912144286|843607.472851303,0.000189552072162121,9.08452510009915e-05|0.000654237144798816,0.187373635317441,0.161325867724182|0.221396103285507,0.0231652734522197,0.0107328143023836|0.0542358808694881,13.4280590959975,11.5435282741144|15.0303204912176,1.89552072162121,0.908452510009915|6.54237144798816,1873.73635317441,1613.25867724182|2213.96103285507
135.419214167155,2020-07-07,"Hospital beds needed|Mitigated",8047,966,65.2462412451843|278.380310070445,2020-28,394.31002821949,193.211278748074|961.564868571413,8.58584400424811,3.80111734665232|21.3582890131536,5125.21203171274,4404.64573699304|5748.50998571208,703.941250802785,332.021451738714|2493.59780091808,714672.238900853,615235.796539745|845987.912763732,0.000184742140017924,8.71356145930028e-05|0.000654419091877677,0.187558377457459,0.161462306035858|0.222020825253575,0.0225326643863528,0.00997564146551962|0.0560526324449871,13.4505917603838,11.5595396426184|15.0863731236625,1.84742140017924,0.871356145930028|6.54419091877677,1875.58377457459,1614.62306035858|2220.20825253575
131.736279663128,2020-07-08,"Hospital beds needed|Mitigated",8047,966,60.6720961895426|274.500872610033,2020-28,383.058003419581,182.263551948178|956.128927000712,8.18655751407468,3.69511907882352|19.8449081801204,5133.39858922682,4411.8747936603|5768.3548938922,686.360129836753,321.178287957369|2459.6002585104,715358.59903069,615749.498592565|848409.10864404,0.000180128155672675,8.42899377993128e-05|0.000645496786596402,0.187738505613131,0.161597121855306|0.222656243206168,0.0214847780664253,0.00969745991536108|0.0520809201261278,13.4720765384503,11.5785115582079|15.1384540437887,1.80128155672675,0.842899377993128|6.45496786596402,1877.38505613131,1615.97121855306|2226.56243206168
127.81512094173,2020-07-09,"Hospital beds needed|Mitigated",8047,966,59.310172733481|271.277887211254,2020-28,371.681442855066,181.88527057134|955.055864113752,8.01435282749677,3.55597157281504|19.5454416540827,5141.41294205431,4418.91311139346|5786.86476741764,663.58860792413,301.91767652416|2473.83273415536,716022.187638614,616234.853655775|850856.771912046,0.000174152003991259,7.92351884574226e-05|0.000649231953423753,0.187912657617123,0.161724498298927|0.223298607252399,0.0210328445807369,0.0093322815995734|0.0512950010338621,13.493109383031,11.5969828990857|15.187031302795,1.74152003991259,0.792351884574226|6.49231953423753,1879.12657617123,1617.24498298927|2232.98607252399
123.722285228264,2020-07-10,"Hospital beds needed|Mitigated",8047,966,56.8954328362169|266.409559456723,2020-28,359.599749382709,172.891229003442|958.076958521239,7.78127556357186,3.65062656279339|20.0177663149206,5149.19421761789,4424.56958818202|5806.88253373256,642.420502024144,302.681074083461|2409.72937095512,716664.608140638,616690.188815005|853266.501283001,0.000168596652348449,7.94355342939948e-05|0.000632408685165993,0.188081254269471,0.161843996327557|0.223931015937565,0.0204211572776004,0.00958069388386606|0.0525345685194572,13.5135305403086,11.6118277405506|15.2395658713145,1.68596652348449,0.794355342939948|6.32408685165993,1880.81254269471,1618.43996327557|2239.31015937565
119.205745172158,2020-07-11,"Hospital beds needed|Mitigated",8047,966,54.7746061793441|259.637056725582,2020-28,347.387770572226,164.169777905685|950.238430322338,7.51873316148105,3.59488746098733|19.621384999032,5156.71295077937,4430.01969476747|5826.5039187316,625.111375963557,306.238168542703|2408.2080090034,717289.719516602,617139.231835735|855666.744770483,0.000164054050268195,8.03690571439442e-05|0.000632009419371607,0.188245308319739,0.161961843049162|0.224560935150192,0.0197321417503474,0.00943441234490831|0.0514943065305928,13.5332626820589,11.6261309846463|15.2910601778451,1.64054050268195,0.803690571439442|6.32009419371607,1882.45308319739,1619.61843049162|2245.60935150192
115.779305384293,2020-07-12,"Hospital beds needed|Mitigated",8047,966,51.1180199759842|256.855721272864,2020-29,337.791980447726,156.035267939458|926.949889637725,7.22233225961929,2.99340774752968|19.4666320419167,5163.93528303898,4435.78818021827|5845.97055077351,609.54823206212,294.687543236191|2438.51872854789,717899.267748664,617569.982426105|858105.263499031,0.00015996966324516,7.73377143504415e-05|0.000639964155917797,0.188405277982984,0.162074889110588|0.22520089930611,0.0189542680733788,0.00785589070954724|0.0510881733136664,13.5522169501323,11.6412697813232|15.3421483511588,1.5996966324516,0.773377143504415|6.39964155917797,1884.05277982984,1620.74889110588|2252.0089930611
112.149237382176,2020-07-13,"Hospital beds needed|Mitigated",8047,966,51.4503845286961|256.381591431546,2020-29,327.804281408531,150.05651866465|915.212832740907,7.11926052460746,3.24828827455713|19.5914138401489,5171.05454356359,4441.47549014938|5864.37697146412,593.322223407944,290.648604014323|2365.63591242123,718492.589972072,617973.086065805|860470.899411452,0.00015571131418648,7.62777362991493e-05|0.000620836810551381,0.188560989297171,0.162180679514208|0.225821736116662,0.0186837669075538,0.00852479843385303|0.0514156503071572,13.5709007170399,11.6561955411991|15.390454108842,1.5571131418648,0.762777362991493|6.20836810551381,1885.60989297171,1621.80679514208|2258.21736116662
108.538459196805,2020-07-14,"Hospital beds needed|Mitigated",8047,966,48.1448893548936|255.787483833546,2020-29,317.28892958774,146.731191429572|906.127224091466,6.73172042265297,3.13798937657156|18.372154118996,5177.78626398625,4447.13741254061|5882.74912558312,573.913932534687,260.98220610215|2381.07110643662,719066.503904606,618395.030060953|862851.970517889,0.000150617807894688,6.84920953373957e-05|0.00062488761844301,0.188711607105066,0.16229141437531|0.226446623735104,0.0176667077751874,0.00823533032224238|0.0482158285909758,13.5885674248151,11.6710546740881|15.438669937433,1.50617807894688,0.684920953373957|6.2488761844301,1887.11607105066,1622.9141437531|2264.46623735104
104.658936149217,2020-07-15,"Hospital beds needed|Mitigated",8047,966,46.1159484733942|259.813671359104,2020-29,305.974750474284,144.279036870404|886.513922172166,6.66547770402664,2.45610552217322|18.5273842433361,5184.45174169027,4452.28169377913|5900.64674996319,561.130434356596,251.577890953802|2409.5156711653,719627.634338963,618791.751671679|865198.423245937,0.000147262910298273,6.6024029566385e-05|0.000632352601854428,0.188858870015364,0.162395529881076|0.22706242611625,0.0174928605743638,0.00644579628994126|0.048623214084199,13.6060602853894,11.6845553110201|15.4856404115378,1.47262910298273,0.66024029566385|6.32352601854428,1888.58870015364,1623.95529881076|2270.6242611625
102.014245425066,2020-07-16,"Hospital beds needed|Mitigated",8047,966,42.9891542927435|254.127733199624,2020-29,296.864871108709,140.967867338969|884.609362885722,6.4407295638916,2.84333355976313|18.1661454328119,5190.89247125417,4456.94913360529|5918.812895396,538.717695187547,257.195408898572|2302.92905531619,720166.352034151,619211.774325407|867491.478388827,0.000141380917457206,6.74982893650862e-05|0.000604380040952823,0.189000250932821,0.162505760505886|0.227664214850456,0.0169030321998191,0.007462036441484|0.047675179985648,13.6229633175892,11.6968045267168|15.5333155915234,1.41380917457206,0.674982893650862|6.04380040952823,1890.00250932821,1625.05760505886|2276.64214850456
98.9876007365107,2020-07-17,"Hospital beds needed|Mitigated",8047,966,41.0067346149999|256.707940342326,2020-29,288.107480669562,139.393163297533|867.844590584002,6.19219311362333,2.61392258365334|18.5040655942183,5197.08466436779,4461.84944879004|5936.62396800732,530.697608891538,254.078770666111|2307.70756733376,720697.049643043,619589.524646357|869799.185956161,0.0001392761283093,6.66803597210002e-05|0.000605634112276559,0.189139527061131,0.162604897191803|0.228269848962733,0.0162507738523696,0.00685997093357705|0.0485620166883163,13.6392140914416,11.7096648998369|15.5800589194144,1.392761283093,0.666803597210002|6.05634112276559,1891.39527061131,1626.04897191803|2282.69848962733
95.6076668762245,2020-07-18,"Hospital beds needed|Mitigated",8047,966,37.893883698403|254.906773308196,2020-29,278.929318273336,129.18055277527|861.735797821563,6.06243642500184,2.56633983746298|19.1583555670924,5203.14710079279,4465.70841699273|5955.78232357441,510.925944836059,255.390688189002|2330.3377404489,721207.975587879,619975.794082129|872129.523696609,0.000134087258463756,6.70246589795386e-05|0.000611573168420092,0.189273614319594,0.162706269631771|0.228881422131153,0.0159102407708058,0.00673509491091021|0.0502791334170661,13.6551243322124,11.7197923649231|15.6303380528315,1.34087258463756,0.670246589795386|6.11573168420092,1892.73614319594,1627.06269631771|2288.81422131153
92.4624509926609,2020-07-19,"Hospital beds needed|Mitigated",8047,966,37.6280673747365|250.840451109526,2020-30,270.108516022177,124.677564160835|862.166831907565,5.81406147811812,2.72354123123667|18.1664689088879,5208.96116227091,4469.78163777048|5973.9487924833,502.455473711823,225.117762843054|2303.89555025338,721710.43106159,620330.339784828|874433.419246863,0.00013186427045067,5.90798411319764e-05|0.000604633687607013,0.189405478590045,0.162799316504327|0.22948605581876,0.0152584062723756,0.00714765379798256|0.0476760289153345,13.6703827384848,11.730482113853|15.6780140817468,1.3186427045067,0.590798411319764|6.04633687607013,1894.05478590045,1627.99316504327|2294.8605581876
89.4295656904349,2020-07-20,"Hospital beds needed|Mitigated",8047,966,36.0193996718282|241.752973155117,2020-30,262.589922943636,118.323014136547|848.167507220497,5.65724577098631,2.2539068694306|17.9441342735943,5214.61840804189,4474.77798617079|5991.26237792772,485.913875920973,234.348329100949|2245.74865686762,722196.344937511,620650.67168716|876659.417160713,0.000127523098269452,6.15023082939959e-05|0.000589373633579452,0.189533001688314,0.162883384316926|0.230070246073005,0.0148468595802203,0.00591514672545256|0.0470925345359754,13.685229598065,11.7435945162686|15.7234518057435,1.27523098269452,0.615023082939959|5.89373633579452,1895.33001688314,1628.83384316926|2300.70246073005
86.2085230484112,2020-07-21,"Hospital beds needed|Mitigated",8047,966,33.879468206819|238.82325320694,2020-30,254.437678036659,109.57345726761|835.69362843781,5.5319205892126,2.39808513362465|18.3376151704289,5220.15032863111,4478.67323741402|6007.02592314839,470.675841544032,228.483464991404|2202.42865180814,722667.020779055,620984.723699194|878861.845812521,0.000123524032896805,5.99631350387335e-05|0.00057800474387289,0.189656525721211,0.162971052831181|0.230648250816878,0.0145179565325213,0.00629352774859765|0.0481251846733907,13.6997475545975,11.7538172024624|15.7648216086215,1.23524032896805,0.599631350387335|5.7800474387289,1896.56525721211,1629.71052831181|2306.48250816878
83.3204340124479,2020-07-22,"Hospital beds needed|Mitigated",8047,966,30.2602277313496|238.553949680146,2020-30,246.746863762873,105.889879152363|825.882682521936,5.27149789232716,2.39217165183499|17.4695422534662,5225.42182652344,4482.43028991138|6023.96932700346,461.010051194231,220.358387541923|2247.82554862639,723128.030830249,621302.521657888|881083.524778463,0.000120987345648899,5.78307920426144e-05|0.00058991869245711,0.18977751306686,0.163054455636337|0.231231307607672,0.0138345039535314,0.00627800842394472|0.0458470165991601,13.7135820585511,11.7636772002638|15.8092878291165,1.20987345648899,0.578307920426144|5.8991869245711,1897.7751306686,1630.54455636337|2312.31307607672
80.9368929045288,2020-07-23,"Hospital beds needed|Mitigated",8047,966,29.3596748625169|235.611239918899,2020-30,238.975585273328,99.7717418465102|822.531698244002,5.14743412750865,2.30177160348379|17.4338946557411,5230.56926065095,4486.38585132519|6040.58259056884,446.360475496267,206.827729852032|2261.41214890427,723574.391305746,621603.676213525|883344.936927367,0.000117142715203233,5.42798101181575e-05|0.00059348435593832,0.189894655782063,0.163133490551568|0.231824791963611,0.0135089113648727,0.00604076279625807|0.0457534631459037,13.7270909699159,11.7740581642963|15.8528876303819,1.17142715203233,0.542798101181575|5.9348435593832,1898.94655782063,1631.33490551568|2318.24791963611
78.3612983075663,2020-07-24,"Hospital beds needed|Mitigated",8047,966,27.3500448620968|238.738072379325,2020-30,231.743627442587,93.9599287383433|818.497375129258,4.93648960140405,2.06848134755154|17.2768737911271,5235.50575025235,4490.75519056352|6055.8135324386,433.10058290726,205.268044584434|2206.27566985521,724007.491888653,621902.681756829|885503.771098546,0.000113662792794215,5.38704867637413e-05|0.000579014354186098,0.190008318574858,0.163211961480618|0.232391355784487,0.01295530915541,0.00542851651750819|0.0453413780390402,13.7400462790714,11.7855250456651|15.8928596705528,1.13662792794215,0.538704867637413|5.79014354186098,1900.08318574858,1632.11961480618|2323.91355784487
75.9930259280492,2020-07-25,"Hospital beds needed|Mitigated",8047,966,25.2776049778657|232.151951907262,2020-30,224.773479472801,87.9401938194783|811.748052284996,4.77517290263279,1.95559118488851|17.7501655030284,5240.28092315498,4494.15445851064|6072.80125113518,424.480257038715,197.937497159528|2234.17591010444,724431.972145692,622210.495453348|887737.947008651,0.000111400476945001,5.19466599994542e-05|0.000586336485237204,0.190119719051802,0.163292744018872|0.232977692269724,0.012531950073702,0.00513224789830801|0.0465834834506733,13.7525782291451,11.7944460747187|15.9374421907908,1.11400476945001,0.519466599994542|5.86336485237204,1901.19719051802,1632.92744018872|2329.77692269724
